feature,importance,importance_normalized
ENSG00000283041.1,4.720605025745514,0.7262048718622035
ENSG00000123689.5,0.3587003384332383,0.05518147184273276
ENSG00000122877.15,0.30441844722218037,0.04683089524579773
ENSG00000229644.6,0.2415148824712568,0.037153984144258155
ENSG00000180596.7,0.1681307043916495,0.025864764362393843
ENSG00000202290.1,0.06937684906343115,0.010672743326234071
ENSG00000232177.1,0.04444369350590601,0.006837095366275083
ENSG00000065534.18,0.0331001804592405,0.005092040570630535
ENSG00000225972.1,0.025603733612994367,0.003938807840565338
ENSG00000211973.2,0.023724601696568322,0.0036497273635633792
ENSG00000198478.7,0.021308413431759328,0.003278027617520028
ENSG00000254052.1,0.020640520285122435,0.003175280775891504
ENSG00000081041.8,0.01728790768103016,0.0026595240893481443
ENSG00000259600.2,0.01670946053532018,0.0025705373740778845
ENSG00000254281.1,0.016362905366007367,0.0025172242815926157
ENSG00000156265.15,0.015601647186977336,0.002400114420602021
ENSG00000210112.1,0.015293391589576735,0.00235269322874415
ENSG00000121797.9,0.014743243294354358,0.00226805993066938
ENSG00000104267.9,0.014242579684945203,0.0021910392203294752
ENSG00000140379.7,0.014163638688593235,0.002178895154933663
ENSG00000170956.16,0.012444006582955438,0.001914351689400321
ERCC-00046,0.012285547941912832,0.0018899748486169445
ENSG00000210077.1,0.00977643517245893,0.001503979852786654
ENSG00000163734.4,0.009400970843895195,0.0014462194548871506
ENSG00000111644.7,0.009373050653393783,0.0014419242897007252
ENSG00000112096.16,0.009274193423876883,0.0014267163658641755
ENSG00000281990.1,0.008782512192126895,0.0013510774797568462
ENSG00000262902.1,0.008243352036091348,0.0012681345667421814
ENSG00000239823.2,0.008235348847125033,0.0012669033782004427
ENSG00000259884.1,0.00708138325815359,0.001089380491176008
ENSG00000278828.1,0.006445500834919893,0.0009915580910460743
ENSG00000168497.4,0.006164776985356934,0.000948372307425396
ENSG00000180573.9,0.005827681311727529,0.0008965144376950885
ENSG00000211898.7,0.0050918477983088965,0.0007833158372170275
ENSG00000199933.1,0.005004426875397544,0.0007698672432815736
ENSG00000206863.1,0.00494930330598525,0.0007613871852289895
ENSG00000132965.9,0.004810410105862763,0.0007400202379738434
ENSG00000123610.4,0.004760265102596566,0.0007323060688211919
ENSG00000115009.11,0.0046656154870333465,0.0007177454327232714
ENSG00000183019.7,0.004556925761880307,0.0007010249048466491
ENSG00000199536.1,0.0042591411703908535,0.000655214543690457
ENSG00000272053.1,0.004206486282299108,0.0006471142607709925
ENSG00000186407.6,0.0041215685906314465,0.0006340507570336492
ENSG00000159674.11,0.004118290454004322,0.0006335464575262208
ENSG00000200571.1,0.004009294117798787,0.0006167787614499981
ENSG00000131401.11,0.003924717290820745,0.0006037676953974213
ENSG00000213557.4,0.003907443686756143,0.000601110371737018
ENSG00000075223.13,0.0035544996817289997,0.0005468144383667416
ENSG00000179348.11,0.0035391678470245913,0.0005444558311551228
ENSG00000210100.1,0.003496699500232239,0.0005379226176851675
ENSG00000017483.14,0.003450834178905604,0.0005308668230115456
ENSG00000179604.9,0.0034220253727975615,0.0005264349556483382
ENSG00000149516.13,0.003403440730444701,0.0005235759454695884
ENSG00000273742.1,0.003272679822662055,0.0005034600476634836
ENSG00000252503.1,0.0032228936716037155,0.0004958010833458485
ENSG00000199627.1,0.003213190606061401,0.0004943083904748294
ENSG00000269971.1,0.003202610792995314,0.0004926808211801985
ENSG00000008517.16,0.0031445398661458573,0.00048374734977947077
ENSG00000257156.1,0.003128968599028391,0.00048135190894506503
ENSG00000223609.7,0.003010962616188262,0.0004631981936522133
ENSG00000211592.8,0.0029004273511737426,0.0004461937530077756
ENSG00000199377.1,0.00286548074742701,0.0004408176637655058
ENSG00000164330.16,0.002740798218090936,0.0004216368469536482
ENSG00000213626.11,0.0027159572473727214,0.0004178153804553989
ENSG00000165682.14,0.0026497472792704076,0.00040762982137144483
ENSG00000207053.1,0.0026184779049630473,0.00040281942697533633
ENSG00000004799.7,0.0025686292311092227,0.00039515084432309455
ENSG00000167633.18,0.002566751025333175,0.0003948619063209769
ENSG00000138678.10,0.0025579263982123393,0.00039350434999661435
ENSG00000201086.1,0.0025418122978123183,0.00039102540118552976
ENSG00000111266.8,0.002525367262665823,0.00038849554228477496
ENSG00000187796.13,0.0024279926892124782,0.00037351570617231495
ENSG00000153064.11,0.002425486827640571,0.00037313021133175814
ENSG00000014914.20,0.0024039053118632427,0.0003698101704017946
ENSG00000274472.1,0.002272916581248698,0.0003496592249588838
ENSG00000266712.3,0.0022486390053835887,0.0003459244295726797
ENSG00000162772.16,0.0022396865810025315,0.000344547213269887
ENSG00000188536.12,0.00223541866560238,0.0003438906489228632
ENSG00000146072.6,0.002155787397738761,0.0003316403940594008
ENSG00000104490.17,0.0021550483283063688,0.0003315266976540628
ENSG00000207612.1,0.0021450385049493078,0.000329986814005943
ENSG00000137965.10,0.0021086910593678737,0.00032439522311515135
ENSG00000267729.1,0.002100639172620555,0.0003231565430409458
ENSG00000137959.15,0.002069716885152239,0.0003183995435279293
ENSG00000264354.1,0.0020684352020431786,0.000318202372929477
ENSG00000123685.8,0.002041070817684347,0.0003139927114287767
ENSG00000232418.1,0.0020304708519149955,0.0003123620418977964
ENSG00000187164.19,0.002026656894022983,0.00031177531312316875
ENSG00000196562.14,0.0019591924335843787,0.00030139676639433455
ENSG00000133742.13,0.0019401574144572316,0.00029846847149341953
ENSG00000264037.1,0.0019058774437424493,0.0002931949352402065
ENSG00000197321.14,0.0018717046994511945,0.0002879378944045794
ENSG00000085265.10,0.001826980609180806,0.0002810576635725513
ENSG00000264937.1,0.0018232649345287124,0.00028048605442078183
ENSG00000168028.13,0.0018195206213014307,0.0002799100395895048
ENSG00000264443.1,0.0018136151365937606,0.00027900155609172683
ENSG00000207741.1,0.0018018462134863238,0.0002771910573843408
ENSG00000284540.1,0.0017051778939840816,0.000262319869433984
ENSG00000135821.17,0.0016694942998335845,0.0002568304036184126
ENSG00000159713.10,0.0016504114691148792,0.0002538947535139735
ENSG00000152270.8,0.0015601101067950938,0.00024000304071555617
ENSG00000082074.15,0.0015517752799620189,0.0002387208339180597
ENSG00000151948.11,0.001503707285622179,0.00023132618609646535
ENSG00000198520.10,0.0014396979363204161,0.0002214791641460685
ENSG00000134256.12,0.0014127760368302577,0.00021733757329851606
ENSG00000162739.13,0.0013422225277201975,0.0002064838158324149
ENSG00000120915.13,0.0013416694968772,0.00020639873909113183
ENSG00000117602.11,0.001341418786696019,0.00020636017052756716
ENSG00000258930.1,0.0013260666964321557,0.00020399844725648605
ENSG00000174130.12,0.0013260616232472762,0.00020399766681170083
ENSG00000138772.12,0.0013164821621816651,0.00020252398891284666
ENSG00000205809.9,0.0013049102317486303,0.00020074379501577448
ENSG00000145088.8,0.00126831321431041,0.00019511381067810701
ENSG00000145335.15,0.0012106727116673163,0.0001862465545514646
ENSG00000183386.9,0.0012078268188486624,0.0001858087502406967
ENSG00000143515.16,0.001169224710903475,0.00017987030830347517
ENSG00000145349.16,0.001138597603769646,0.00017515871851989234
ENSG00000141293.15,0.0011369082913426224,0.0001748988393501861
ENSG00000196912.12,0.0011332836838489231,0.00017434123971917336
ENSG00000171115.3,0.001115688890657287,0.00017163450520834523
ENSG00000235568.6,0.00109853389319092,0.0001689954276602523
ENSG00000131355.14,0.0010891718706228886,0.0001675551999008213
ENSG00000100077.14,0.0010867390455269468,0.00016718094079051107
ENSG00000221042.1,0.0010785039246749106,0.00016591407248644696
ENSG00000138185.18,0.0009967620904718674,0.0001533391339119519
ENSG00000152969.17,0.0009944519224939408,0.00015298374403475593
ENSG00000265669.1,0.0009311854480872704,0.0001432510039115948
ENSG00000137642.12,0.0009088484079587584,0.0001398147351969198
ENSG00000264757.1,0.0007975626032283303,0.00012269483359032867
ENSG00000182022.17,0.0007750247426614644,0.00011922767121267895
ENSG00000199804.1,0.0007626193186993545,0.00011731925496737412
ENSG00000252577.1,0.0007602108137044093,0.00011694873719439916
ENSG00000269981.1,4.380176776841438e-18,6.738343279329079e-19
ENSG00000161638.10,2.8189256484623115e-18,4.336557556003863e-19
ENSG00000211857.1,0.0,0.0
ENSG00000211905.1,0.0,0.0
ENSG00000211945.2,0.0,0.0
ENSG00000242371.1,0.0,0.0
ENSG00000281958.1,0.0,0.0
ENSG00000204287.13,0.0,0.0
ENSG00000211772.11,0.0,0.0
ENSG00000211788.2,0.0,0.0
ENSG00000138795.9,0.0,0.0
ENSG00000211868.1,0.0,0.0
ENSG00000081189.15,0.0,0.0
ENSG00000165929.12,0.0,0.0
ENSG00000167286.9,0.0,0.0
ENSG00000253701.2,0.0,0.0
ENSG00000156738.17,0.0,0.0
ENSG00000179639.10,0.0,0.0
ENSG00000211666.2,0.0,0.0
ENSG00000280411.1,0.0,0.0
ENSG00000119866.20,0.0,0.0
ENSG00000211747.3,0.0,0.0
ENSG00000211869.1,0.0,0.0
ENSG00000211801.3,0.0,0.0
ENSG00000282780.1,0.0,0.0
ENSG00000227191.8,0.0,0.0
ENSG00000216490.3,0.0,0.0
ENSG00000131042.14,0.0,0.0
ENSG00000211753.4,0.0,0.0
ENSG00000211785.1,0.0,0.0
ENSG00000243238.1,0.0,0.0
ENSG00000129824.15,0.0,0.0
ENSG00000211897.8,0.0,0.0
ENSG00000101439.8,0.0,0.0
ENSG00000211846.1,0.0,0.0
ENSG00000211678.2,0.0,0.0
ENSG00000203747.10,0.0,0.0
ENSG00000175857.8,0.0,0.0
ENSG00000170458.13,0.0,0.0
ENSG00000243466.1,0.0,0.0
ENSG00000211856.1,0.0,0.0
ENSG00000166428.12,0.0,0.0
ENSG00000211653.2,0.0,0.0
ENSG00000160883.10,0.0,0.0
ENSG00000211651.3,0.0,0.0
ENSG00000211956.2,0.0,0.0
ENSG00000119535.17,0.0,0.0
ENSG00000163519.13,0.0,0.0
ENSG00000211710.3,0.0,0.0
ENSG00000143226.13,0.0,0.0
ENSG00000153563.15,0.0,0.0
ENSG00000211663.2,0.0,0.0
ENSG00000242076.2,0.0,0.0
ENSG00000168685.14,0.0,0.0
ENSG00000237550.5,0.0,0.0
ENSG00000278030.1,0.0,0.0
ENSG00000175489.9,0.0,0.0
ENSG00000211648.2,0.0,0.0
ENSG00000211941.3,0.0,0.0
ENSG00000104974.11,0.0,0.0
ENSG00000256553.1,0.0,0.0
ENSG00000211900.2,0.0,0.0
ENSG00000211764.1,0.0,0.0
ENSG00000211716.2,0.0,0.0
ENSG00000224650.2,0.0,0.0
ENSG00000211851.1,0.0,0.0
ENSG00000211934.3,0.0,0.0
ENSG00000140968.10,0.0,0.0
ENSG00000211965.4,0.0,0.0
ENSG00000038427.15,0.0,0.0
ENSG00000100368.13,0.0,0.0
ENSG00000136689.18,0.0,0.0
ENSG00000128383.12,0.0,0.0
ENSG00000116824.4,0.0,0.0
ENSG00000211794.3,0.0,0.0
ENSG00000165025.14,0.0,0.0
ENSG00000110077.14,0.0,0.0
ENSG00000211845.1,0.0,0.0
ENSG00000124731.12,0.0,0.0
ENSG00000211866.1,0.0,0.0
ENSG00000239998.5,0.0,0.0
ENSG00000166825.13,0.0,0.0
ENSG00000158869.10,0.0,0.0
ENSG00000265612.1,0.0,0.0
ENSG00000135218.17,0.0,0.0
ENSG00000185215.8,0.0,0.0
ENSG00000211935.3,0.0,0.0
ENSG00000211850.1,0.0,0.0
ENSG00000042980.12,0.0,0.0
ENSG00000100453.12,0.0,0.0
ENSG00000182866.16,0.0,0.0
ENSG00000121316.10,0.0,0.0
ENSG00000123405.13,0.0,0.0
ENSG00000145649.7,0.0,0.0
ENSG00000282122.1,0.0,0.0
ENSG00000211659.2,0.0,0.0
ENSG00000232869.2,0.0,0.0
ENSG00000211706.2,0.0,0.0
ENSG00000211779.3,0.0,0.0
ENSG00000211767.1,0.0,0.0
ENSG00000211847.1,0.0,0.0
ENSG00000011600.11,0.0,0.0
ENSG00000115523.16,0.0,0.0
ENSG00000211721.2,0.0,0.0
ENSG00000225698.3,0.0,0.0
ENSG00000152495.10,0.0,0.0
ENSG00000100450.12,0.0,0.0
ENSG00000115085.13,0.0,0.0
ENSG00000126353.3,0.0,0.0
ENSG00000113088.5,0.0,0.0
ENSG00000213809.8,0.0,0.0
ENSG00000105369.9,0.0,0.0
ENSG00000179344.16,0.0,0.0
ENSG00000211844.1,0.0,0.0
ENSG00000172116.21,0.0,0.0
ENSG00000211640.4,0.0,0.0
ENSG00000114013.15,0.0,0.0
ENSG00000146094.13,0.0,0.0
ENSG00000165178.9,0.0,0.0
ENSG00000211829.9,0.0,0.0
ENSG00000211687.1,0.0,0.0
ENSG00000211690.1,0.0,0.0
ENSG00000245164.6,0.0,0.0
ENSG00000211810.3,0.0,0.0
ENSG00000162747.9,0.0,0.0
ENSG00000211668.2,0.0,0.0
ENSG00000211746.3,0.0,0.0
ENSG00000211962.2,0.0,0.0
ENSG00000095585.16,0.0,0.0
ENSG00000100721.10,0.0,0.0
ENSG00000211793.2,0.0,0.0
ENSG00000182487.12,0.0,0.0
ENSG00000211972.2,0.0,0.0
ENSG00000211688.1,0.0,0.0
ENSG00000211933.2,0.0,0.0
ENSG00000102445.18,0.0,0.0
ENSG00000184613.10,0.0,0.0
ENSG00000172322.13,0.0,0.0
ENSG00000211769.1,0.0,0.0
ENSG00000166927.12,0.0,0.0
ENSG00000172673.10,0.0,0.0
ENSG00000211765.1,0.0,0.0
ENSG00000140287.10,0.0,0.0
ENSG00000182511.11,0.0,0.0
ENSG00000233355.6,0.0,0.0
ENSG00000211789.2,0.0,0.0
ENSG00000211849.1,0.0,0.0
ENSG00000211791.2,0.0,0.0
ENSG00000211734.3,0.0,0.0
ENSG00000158517.13,0.0,0.0
ENSG00000180644.7,0.0,0.0
ENSG00000211970.3,0.0,0.0
ENSG00000110448.10,0.0,0.0
ENSG00000211790.2,0.0,0.0
ENSG00000232216.1,0.0,0.0
ENSG00000251546.1,0.0,0.0
ENSG00000211776.2,0.0,0.0
ENSG00000211892.3,0.0,0.0
ENSG00000186074.18,0.0,0.0
ENSG00000132185.16,0.0,0.0
ENSG00000211867.1,0.0,0.0
ENSG00000276758.1,0.0,0.0
ENSG00000237702.2,0.0,0.0
ENSG00000145416.13,0.0,0.0
ENSG00000211879.1,0.0,0.0
ENSG00000211854.1,0.0,0.0
ENSG00000211886.1,0.0,0.0
ENSG00000277632.1,0.0,0.0
ENSG00000211878.1,0.0,0.0
ENSG00000224397.5,0.0,0.0
ENSG00000211745.3,0.0,0.0
ENSG00000243290.3,0.0,0.0
ENSG00000274752.1,0.0,0.0
ENSG00000211848.1,0.0,0.0
ENSG00000211796.1,0.0,0.0
ENSG00000211766.1,0.0,0.0
ENSG00000108405.3,0.0,0.0
ENSG00000211676.2,0.0,0.0
ENSG00000211673.2,0.0,0.0
ENSG00000211862.1,0.0,0.0
ENSG00000131002.11,0.0,0.0
ENSG00000282939.1,0.0,0.0
ENSG00000171051.8,0.0,0.0
ENSG00000211924.1,0.0,0.0
ENSG00000168461.12,0.0,0.0
ENSG00000241755.1,0.0,0.0
ENSG00000211885.1,0.0,0.0
ENSG00000211792.2,0.0,0.0
ENSG00000198821.10,0.0,0.0
ENSG00000187116.13,0.0,0.0
ENSG00000012817.15,0.0,0.0
ENSG00000278196.3,0.0,0.0
ENSG00000116701.14,0.0,0.0
ENSG00000211692.1,0.0,0.0
ENSG00000211883.1,0.0,0.0
ENSG00000211638.2,0.0,0.0
ENSG00000241163.7,0.0,0.0
ENSG00000211946.3,0.0,0.0
ENSG00000211694.2,0.0,0.0
ENSG00000177455.12,0.0,0.0
ENSG00000012779.10,0.0,0.0
ENSG00000172005.10,0.0,0.0
ENSG00000085514.15,0.0,0.0
ENSG00000196329.11,0.0,0.0
ENSG00000235576.1,0.0,0.0
ENSG00000163534.14,0.0,0.0
ENSG00000161955.16,0.0,0.0
ENSG00000198502.5,0.0,0.0
ENSG00000102245.7,0.0,0.0
ENSG00000105374.9,0.0,0.0
ENSG00000211649.3,0.0,0.0
ENSG00000073756.11,0.0,0.0
ENSG00000089012.14,0.0,0.0
ENSG00000137441.7,0.0,0.0
ENSG00000215788.9,0.0,0.0
ENSG00000265929.1,0.0,0.0
ENSG00000211637.2,0.0,0.0
ENSG00000182578.13,0.0,0.0
ENSG00000211840.1,0.0,0.0
ENSG00000204577.11,0.0,0.0
ENSG00000158481.12,0.0,0.0
ENSG00000243264.2,0.0,0.0
ENSG00000271503.5,0.0,0.0
ENSG00000000938.12,0.0,0.0
ENSG00000086730.16,0.0,0.0
ENSG00000276775.1,0.0,0.0
ENSG00000139193.3,0.0,0.0
ENSG00000211967.3,0.0,0.0
ENSG00000211660.3,0.0,0.0
ENSG00000211797.2,0.0,0.0
ENSG00000112799.8,0.0,0.0
ENSG00000211778.2,0.0,0.0
ENSG00000109452.12,0.0,0.0
ENSG00000275791.1,0.0,0.0
ENSG00000183918.15,0.0,0.0
ENSG00000105383.14,0.0,0.0
ENSG00000113263.12,0.0,0.0
ENSG00000211875.1,0.0,0.0
ENSG00000254709.7,0.0,0.0
ENSG00000211652.2,0.0,0.0
ENSG00000174946.6,0.0,0.0
ENSG00000211835.1,0.0,0.0
ENSG00000172243.17,0.0,0.0
ENSG00000120708.16,0.0,0.0
ENSG00000282600.2,0.0,0.0
ENSG00000163736.3,0.0,0.0
ENSG00000283063.1,0.0,0.0
ENSG00000211950.2,0.0,0.0
ENSG00000106565.17,0.0,0.0
ENSG00000211800.3,0.0,0.0
ENSG00000211752.3,0.0,0.0
ENSG00000241657.1,0.0,0.0
ENSG00000244482.10,0.0,0.0
ENSG00000081059.19,0.0,0.0
ENSG00000165272.14,0.0,0.0
ENSG00000229807.10,0.0,0.0
ENSG00000226660.2,0.0,0.0
ENSG00000196126.11,0.0,0.0
ENSG00000211786.3,0.0,0.0
ENSG00000158578.18,0.0,0.0
ENSG00000237254.2,0.0,0.0
ENSG00000255197.5,0.0,0.0
ENSG00000244620.1,0.0,0.0
ENSG00000211836.1,0.0,0.0
ENSG00000010610.9,0.0,0.0
ENSG00000211942.3,0.0,0.0
ENSG00000169403.11,0.0,0.0
ENSG00000240864.3,0.0,0.0
ENSG00000204472.12,0.0,0.0
ENSG00000136869.13,0.0,0.0
ENSG00000181036.13,0.0,0.0
ENSG00000231475.3,0.0,0.0
ENSG00000254415.3,0.0,0.0
ENSG00000211877.1,0.0,0.0
ENSG00000211880.1,0.0,0.0
ENSG00000211689.7,0.0,0.0
ENSG00000211804.3,0.0,0.0
ENSG00000077984.5,0.0,0.0
ENSG00000282639.1,0.0,0.0
ENSG00000153283.12,0.0,0.0
ENSG00000146192.14,0.0,0.0
ENSG00000244575.3,0.0,0.0
ENSG00000211814.1,0.0,0.0
ENSG00000211807.3,0.0,0.0
ENSG00000150681.9,0.0,0.0
ENSG00000107742.12,0.0,0.0
ENSG00000211724.3,0.0,0.0
ENSG00000169413.2,0.0,0.0
ENSG00000211976.2,0.0,0.0
ENSG00000211749.1,0.0,0.0
ENSG00000211863.1,0.0,0.0
ENSG00000211728.2,0.0,0.0
ENSG00000211821.2,0.0,0.0
ENSG00000211691.2,0.0,0.0
ENSG00000152804.10,0.0,0.0
ENSG00000181631.6,0.0,0.0
ENSG00000211812.1,0.0,0.0
ENSG00000197540.7,0.0,0.0
ENSG00000099204.18,0.0,0.0
ENSG00000211795.3,0.0,0.0
ENSG00000111796.3,0.0,0.0
ENSG00000213658.11,0.0,0.0
ENSG00000211884.1,0.0,0.0
ENSG00000211817.2,0.0,0.0
ENSG00000276953.1,0.0,0.0
ENSG00000072694.20,0.0,0.0
ENSG00000211917.1,0.0,0.0
ENSG00000253998.3,0.0,0.0
ENSG00000278661.1,0.0,0.0
ENSG00000244682.7,0.0,0.0
ENSG00000211662.2,0.0,0.0
ENSG00000180739.13,0.0,0.0
ENSG00000283499.1,0.0,0.0
ENSG00000211888.2,0.0,0.0
ENSG00000211820.1,0.0,0.0
ENSG00000242574.8,0.0,0.0
ENSG00000211873.1,0.0,0.0
ENSG00000163600.12,0.0,0.0
ENSG00000211750.2,0.0,0.0
ENSG00000211855.1,0.0,0.0
ENSG00000229391.7,0.0,0.0
ENSG00000136573.12,0.0,0.0
ENSG00000211882.1,0.0,0.0
ENSG00000140678.16,0.0,0.0
ENSG00000126759.13,0.0,0.0
ENSG00000226777.7,0.0,0.0
ENSG00000196730.12,0.0,0.0
ENSG00000211669.2,0.0,0.0
ENSG00000134539.16,0.0,0.0
ENSG00000255819.7,0.0,0.0
ENSG00000124491.15,0.0,0.0
ENSG00000264781.1,0.0,0.0
ENSG00000036448.9,0.0,0.0
ENSG00000212027.3,0.0,0.0
ENSG00000275302.1,0.0,0.0
ENSG00000211809.2,0.0,0.0
ENSG00000211876.1,0.0,0.0
ENSG00000211770.1,0.0,0.0
ENSG00000211861.1,0.0,0.0
ENSG00000284049.1,0.0,0.0
ENSG00000168329.13,0.0,0.0
ENSG00000160185.14,0.0,0.0
ENSG00000211768.1,0.0,0.0
ENSG00000277942.1,0.0,0.0
ENSG00000255987.1,0.0,0.0
ENSG00000233306.2,0.0,0.0
ENSG00000214212.8,0.0,0.0
ENSG00000255569.1,0.0,0.0
ENSG00000211644.3,0.0,0.0
ENSG00000120594.16,0.0,0.0
ENSG00000240382.3,0.0,0.0
ENSG00000211777.2,0.0,0.0
ENSG00000138378.17,0.0,0.0
ENSG00000137078.8,0.0,0.0
ENSG00000158473.6,0.0,0.0
ENSG00000211887.2,0.0,0.0
ENSG00000162894.11,0.0,0.0
ENSG00000211951.2,0.0,0.0
ENSG00000199405.1,0.0,0.0
ENSG00000237547.1,0.0,0.0
ENSG00000110203.8,0.0,0.0
ENSG00000113140.10,0.0,0.0
ENSG00000211803.2,0.0,0.0
ENSG00000065675.14,0.0,0.0
ENSG00000211805.1,0.0,0.0
ENSG00000269404.6,0.0,0.0
ENSG00000276699.1,0.0,0.0
ENSG00000078596.10,0.0,0.0
ENSG00000270472.2,0.0,0.0
ENSG00000250688.1,0.0,0.0
ENSG00000282651.2,0.0,0.0
ENSG00000103569.9,0.0,0.0
ENSG00000239571.1,0.0,0.0
ENSG00000211978.2,0.0,0.0
ENSG00000211782.2,0.0,0.0
ENSG00000230099.2,0.0,0.0
ENSG00000254087.7,0.0,0.0
ENSG00000239948.2,0.0,0.0
ENSG00000276557.1,0.0,0.0
ENSG00000167850.3,0.0,0.0
ENSG00000207306.1,0.0,0.0
ENSG00000249978.1,0.0,0.0
ENSG00000261552.1,0.0,0.0
ENSG00000180871.7,0.0,0.0
ENSG00000196576.14,0.0,0.0
ENSG00000110848.8,0.0,0.0
ENSG00000211871.1,0.0,0.0
ENSG00000277967.1,0.0,0.0
ENSG00000066336.11,0.0,0.0
ENSG00000104921.14,0.0,0.0
ENSG00000211865.1,0.0,0.0
ENSG00000149131.15,0.0,0.0
ENSG00000104972.15,0.0,0.0
ENSG00000241106.6,0.0,0.0
ENSG00000139318.7,0.0,0.0
ENSG00000018280.16,0.0,0.0
ENSG00000211815.3,0.0,0.0
ENSG00000159128.14,0.0,0.0
ENSG00000211799.3,0.0,0.0
ENSG00000197635.9,0.0,0.0
ENSG00000211834.1,0.0,0.0
ENSG00000255398.2,0.0,0.0
ENSG00000105205.6,0.0,0.0
ENSG00000179144.4,0.0,0.0
ENSG00000069667.15,0.0,0.0
ENSG00000183878.15,0.0,0.0
ENSG00000069702.10,0.0,0.0
ENSG00000171049.8,0.0,0.0
ENSG00000273837.1,0.0,0.0
ENSG00000211839.1,0.0,0.0
ENSG00000237943.6,0.0,0.0
ENSG00000211864.2,0.0,0.0
ENSG00000245954.6,0.0,0.0
ENSG00000196735.11,0.0,0.0
ENSG00000253755.1,0.0,0.0
ENSG00000211806.2,0.0,0.0
ENSG00000107485.15,0.0,0.0
ENSG00000027869.11,0.0,0.0
ENSG00000239961.2,0.0,0.0
ENSG00000087253.12,0.0,0.0
ENSG00000175899.14,0.0,0.0
ENSG00000146592.16,0.0,0.0
ENSG00000164483.16,0.0,0.0
ENSG00000211695.2,0.0,0.0
ENSG00000211872.1,0.0,0.0
ENSG00000274536.6,0.0,0.0
ENSG00000112486.15,0.0,0.0
ENSG00000100292.16,0.0,0.0
ENSG00000211784.2,0.0,0.0
ENSG00000115828.15,0.0,0.0
ENSG00000111275.12,0.0,0.0
ENSG00000281910.1,0.0,0.0
ENSG00000274824.1,0.0,0.0
ENSG00000197872.11,0.0,0.0
ENSG00000100504.16,0.0,0.0
ENSG00000256039.1,0.0,0.0
ENSG00000176083.17,0.0,0.0
ENSG00000276070.4,0.0,0.0
ENSG00000258732.1,0.0,0.0
ENSG00000124772.11,0.0,0.0
ENSG00000197943.9,0.0,0.0
ENSG00000129450.8,0.0,0.0
ENSG00000170989.8,0.0,0.0
ENSG00000186818.12,0.0,0.0
ENSG00000142512.14,0.0,0.0
ENSG00000234436.1,0.0,0.0
ENSG00000158050.4,0.0,0.0
ENSG00000121807.5,0.0,0.0
ENSG00000211859.1,0.0,0.0
ENSG00000239855.1,0.0,0.0
ENSG00000160856.20,0.0,0.0
ENSG00000115919.14,0.0,0.0
ENSG00000137462.6,0.0,0.0
ENSG00000198574.5,0.0,0.0
ENSG00000183542.5,0.0,0.0
ENSG00000133574.9,0.0,0.0
ENSG00000159339.13,0.0,0.0
ENSG00000012124.16,0.0,0.0
ENSG00000211952.3,0.0,0.0
ENSG00000163823.3,0.0,0.0
ENSG00000241294.1,0.0,0.0
ENSG00000107551.20,0.0,0.0
ENSG00000274134.1,0.0,0.0
ENSG00000165092.12,0.0,0.0
ENSG00000178562.17,0.0,0.0
ENSG00000179583.18,0.0,0.0
ENSG00000211842.1,0.0,0.0
ENSG00000128815.19,0.0,0.0
ENSG00000276405.1,0.0,0.0
ENSG00000211838.1,0.0,0.0
ENSG00000139187.9,0.0,0.0
ENSG00000150337.13,0.0,0.0
ENSG00000011422.11,0.0,0.0
ENSG00000198744.5,0.0,0.0
ENSG00000163464.7,0.0,0.0
ENSG00000106537.7,0.0,0.0
ENSG00000211828.1,0.0,0.0
ENSG00000196189.12,0.0,0.0
ENSG00000282499.1,0.0,0.0
ENSG00000240671.4,0.0,0.0
ENSG00000241399.6,0.0,0.0
ENSG00000266698.1,0.0,0.0
ENSG00000168995.13,0.0,0.0
ENSG00000182247.9,0.0,0.0
ENSG00000100365.14,0.0,0.0
ENSG00000120885.21,0.0,0.0
ENSG00000146285.13,0.0,0.0
ENSG00000179921.14,0.0,0.0
ENSG00000276085.1,0.0,0.0
ENSG00000211713.3,0.0,0.0
ENSG00000196664.4,0.0,0.0
ENSG00000183625.14,0.0,0.0
ENSG00000197766.7,0.0,0.0
ENSG00000254395.1,0.0,0.0
ENSG00000138639.17,0.0,0.0
ENSG00000211714.3,0.0,0.0
ENSG00000172543.7,0.0,0.0
ENSG00000173801.16,0.0,0.0
ENSG00000163221.8,0.0,0.0
ENSG00000211696.2,0.0,0.0
ENSG00000211816.2,0.0,0.0
ENSG00000109743.10,0.0,0.0
ENSG00000064225.12,0.0,0.0
ENSG00000166523.7,0.0,0.0
ENSG00000181847.11,0.0,0.0
ENSG00000158825.5,0.0,0.0
ENSG00000211650.2,0.0,0.0
ENSG00000100351.16,0.0,0.0
ENSG00000115607.9,0.0,0.0
ENSG00000256427.1,0.0,0.0
ENSG00000247982.6,0.0,0.0
ENSG00000120129.5,0.0,0.0
ENSG00000204257.14,0.0,0.0
ENSG00000275743.1,0.0,0.0
ENSG00000117090.14,0.0,0.0
ENSG00000283029.1,0.0,0.0
ENSG00000049247.13,0.0,0.0
ENSG00000274576.2,0.0,0.0
ENSG00000211827.1,0.0,0.0
ENSG00000266318.1,0.0,0.0
ENSG00000232629.8,0.0,0.0
ENSG00000264539.1,0.0,0.0
ENSG00000163564.14,0.0,0.0
ENSG00000211858.1,0.0,0.0
ENSG00000101307.15,0.0,0.0
ENSG00000268734.1,0.0,0.0
ENSG00000226278.1,0.0,0.0
ENSG00000186431.18,0.0,0.0
ENSG00000259092.1,0.0,0.0
ENSG00000174123.10,0.0,0.0
ENSG00000225720.6,0.0,0.0
ENSG00000232810.3,0.0,0.0
ENSG00000133246.11,0.0,0.0
ENSG00000211881.1,0.0,0.0
ENSG00000196209.12,0.0,0.0
ENSG00000137501.17,0.0,0.0
ENSG00000211841.1,0.0,0.0
ENSG00000188906.14,0.0,0.0
ENSG00000161929.14,0.0,0.0
ENSG00000182885.16,0.0,0.0
ENSG00000240505.8,0.0,0.0
ENSG00000223534.1,0.0,0.0
ENSG00000205336.11,0.0,0.0
ENSG00000006534.15,0.0,0.0
ENSG00000138061.11,0.0,0.0
ENSG00000211727.3,0.0,0.0
ENSG00000276168.1,0.0,0.0
ENSG00000223648.4,0.0,0.0
ENSG00000211780.3,0.0,0.0
ENSG00000107438.8,0.0,0.0
ENSG00000150045.11,0.0,0.0
ENSG00000253883.1,0.0,0.0
ENSG00000136250.11,0.0,0.0
ENSG00000274275.1,0.0,0.0
ENSG00000101916.11,0.0,0.0
ENSG00000261222.2,0.0,0.0
ENSG00000181104.6,0.0,0.0
ENSG00000148180.19,0.0,0.0
ENSG00000124762.13,0.0,0.0
ENSG00000082397.17,0.0,0.0
ENSG00000170476.15,0.0,0.0
ENSG00000173762.7,0.0,0.0
ENSG00000198053.11,0.0,0.0
ENSG00000263790.1,0.0,0.0
ENSG00000162496.8,0.0,0.0
ENSG00000242736.1,0.0,0.0
ENSG00000248996.1,0.0,0.0
ENSG00000155629.14,0.0,0.0
ENSG00000229754.1,0.0,0.0
ENSG00000095303.14,0.0,0.0
ENSG00000167106.11,0.0,0.0
ENSG00000163751.3,0.0,0.0
ENSG00000074966.10,0.0,0.0
ENSG00000271178.1,0.0,0.0
ENSG00000173535.13,0.0,0.0
ENSG00000272398.5,0.0,0.0
ENSG00000174171.5,0.0,0.0
ENSG00000169504.14,0.0,0.0
ENSG00000211664.2,0.0,0.0
ENSG00000267369.1,0.0,0.0
ENSG00000241134.3,0.0,0.0
ENSG00000140511.11,0.0,0.0
ENSG00000225783.6,0.0,0.0
ENSG00000277443.2,0.0,0.0
ENSG00000240247.7,0.0,0.0
ENSG00000211837.1,0.0,0.0
ENSG00000099958.14,0.0,0.0
ENSG00000105352.10,0.0,0.0
ENSG00000013725.14,0.0,0.0
ENSG00000186810.7,0.0,0.0
ENSG00000122223.12,0.0,0.0
ENSG00000019991.15,0.0,0.0
ENSG00000100385.13,0.0,0.0
ENSG00000265527.1,0.0,0.0
ENSG00000101082.13,0.0,0.0
ENSG00000112149.9,0.0,0.0
ENSG00000103811.15,0.0,0.0
ENSG00000269968.1,0.0,0.0
ENSG00000124181.14,0.0,0.0
ENSG00000163508.12,0.0,0.0
ENSG00000007312.12,0.0,0.0
ENSG00000138119.16,0.0,0.0
ENSG00000276819.1,0.0,0.0
ENSG00000127951.6,0.0,0.0
ENSG00000117009.11,0.0,0.0
ENSG00000224041.3,0.0,0.0
ENSG00000268500.5,0.0,0.0
ENSG00000118508.4,0.0,0.0
ENSG00000150637.8,0.0,0.0
ENSG00000035720.7,0.0,0.0
ENSG00000136826.14,0.0,0.0
ENSG00000005961.17,0.0,0.0
ENSG00000136867.10,0.0,0.0
ENSG00000155465.18,0.0,0.0
ENSG00000180096.11,0.0,0.0
ENSG00000176014.12,0.0,0.0
ENSG00000109436.7,0.0,0.0
ENSG00000162711.16,0.0,0.0
ENSG00000233864.7,0.0,0.0
ENSG00000251002.7,0.0,0.0
ENSG00000026751.16,0.0,0.0
ENSG00000248810.1,0.0,0.0
ENSG00000105501.12,0.0,0.0
ENSG00000161921.14,0.0,0.0
ENSG00000112137.17,0.0,0.0
ENSG00000283206.1,0.0,0.0
ENSG00000154451.14,0.0,0.0
ENSG00000126822.16,0.0,0.0
ENSG00000211667.2,0.0,0.0
ENSG00000185432.11,0.0,0.0
ENSG00000136404.15,0.0,0.0
ENSG00000135426.15,0.0,0.0
ENSG00000131634.13,0.0,0.0
ENSG00000204103.3,0.0,0.0
ENSG00000170909.13,0.0,0.0
ENSG00000090376.10,0.0,0.0
ENSG00000259651.2,0.0,0.0
ENSG00000273047.1,0.0,0.0
ENSG00000211642.3,0.0,0.0
ENSG00000265694.1,0.0,0.0
ENSG00000272379.1,0.0,0.0
ENSG00000182782.7,0.0,0.0
ENSG00000253936.1,0.0,0.0
ENSG00000133561.15,0.0,0.0
ENSG00000265432.1,0.0,0.0
ENSG00000169245.5,0.0,0.0
ENSG00000265658.6,0.0,0.0
ENSG00000265658.6_PAR_Y,0.0,0.0
ENSG00000083454.21,0.0,0.0
ENSG00000141574.7,0.0,0.0
ENSG00000168229.3,0.0,0.0
ENSG00000268849.5,0.0,0.0
ENSG00000105967.15,0.0,0.0
ENSG00000172215.5,0.0,0.0
ENSG00000204252.13,0.0,0.0
ENSG00000211725.3,0.0,0.0
ENSG00000169896.16,0.0,0.0
ENSG00000107317.12,0.0,0.0
ENSG00000206869.1,0.0,0.0
ENSG00000211818.1,0.0,0.0
ENSG00000231389.7,0.0,0.0
ENSG00000263675.1,0.0,0.0
ENSG00000134061.5,0.0,0.0
ENSG00000198692.9,0.0,0.0
ENSG00000105835.11,0.0,0.0
ENSG00000211911.1,0.0,0.0
ENSG00000251578.1,0.0,0.0
ENSG00000204475.9,0.0,0.0
ENSG00000175471.19,0.0,0.0
ENSG00000103187.7,0.0,0.0
ENSG00000172594.12,0.0,0.0
ENSG00000211658.2,0.0,0.0
ENSG00000207110.1,0.0,0.0
ENSG00000235532.1,0.0,0.0
ENSG00000099985.3,0.0,0.0
ENSG00000165591.6,0.0,0.0
ENSG00000025708.13,0.0,0.0
ENSG00000183134.4,0.0,0.0
ENSG00000125384.6,0.0,0.0
ENSG00000188820.12,0.0,0.0
ENSG00000101162.3,0.0,0.0
ENSG00000174837.14,0.0,0.0
ENSG00000265917.1,0.0,0.0
ENSG00000157483.8,0.0,0.0
ENSG00000123358.19,0.0,0.0
ENSG00000184060.10,0.0,0.0
ENSG00000132514.13,0.0,0.0
ENSG00000149534.8,0.0,0.0
ENSG00000100079.6,0.0,0.0
ENSG00000034053.14,0.0,0.0
ENSG00000276169.1,0.0,0.0
ENSG00000265507.1,0.0,0.0
ENSG00000115956.9,0.0,0.0
ENSG00000168081.8,0.0,0.0
ENSG00000211968.3,0.0,0.0
ENSG00000196092.12,0.0,0.0
ENSG00000128918.14,0.0,0.0
ENSG00000252438.1,0.0,0.0
ENSG00000129993.14,0.0,0.0
ENSG00000116667.12,0.0,0.0
ENSG00000266270.1,0.0,0.0
ENSG00000135047.14,0.0,0.0
ENSG00000211833.1,0.0,0.0
ENSG00000225079.2,0.0,0.0
ENSG00000269970.1,0.0,0.0
ENSG00000131724.10,0.0,0.0
ENSG00000196628.15,0.0,0.0
ENSG00000174600.13,0.0,0.0
ENSG00000276566.1,0.0,0.0
ENSG00000171476.21,0.0,0.0
ENSG00000110079.16,0.0,0.0
ENSG00000156475.18,0.0,0.0
ENSG00000119457.7,0.0,0.0
ENSG00000157978.11,0.0,0.0
ENSG00000223336.1,0.0,0.0
ENSG00000135916.15,0.0,0.0
ENSG00000060558.3,0.0,0.0
ENSG00000283204.1,0.0,0.0
ENSG00000253234.1,0.0,0.0
ENSG00000140749.8,0.0,0.0
ENSG00000159958.6,0.0,0.0
ENSG00000185101.12,0.0,0.0
ENSG00000127152.17,0.0,0.0
ENSG00000283210.1,0.0,0.0
ENSG00000274034.1,0.0,0.0
ENSG00000203896.9,0.0,0.0
ENSG00000280153.1,0.0,0.0
ENSG00000182240.15,0.0,0.0
ENSG00000198019.12,0.0,0.0
ENSG00000019582.14,0.0,0.0
ENSG00000173114.12,0.0,0.0
ENSG00000048052.21,0.0,0.0
ENSG00000257847.1,0.0,0.0
ENSG00000115271.10,0.0,0.0
ENSG00000264773.1,0.0,0.0
ENSG00000059377.16,0.0,0.0
ENSG00000199024.1,0.0,0.0
ENSG00000211860.1,0.0,0.0
ENSG00000082438.15,0.0,0.0
ENSG00000210117.1,0.0,0.0
ENSG00000223865.10,0.0,0.0
ENSG00000278215.1,0.0,0.0
ENSG00000258511.1,0.0,0.0
ENSG00000281550.1,0.0,0.0
ENSG00000237541.3,0.0,0.0
ENSG00000204020.5,0.0,0.0
ENSG00000266668.1,0.0,0.0
ENSG00000178789.8,0.0,0.0
ENSG00000239839.6,0.0,0.0
ENSG00000125810.9,0.0,0.0
ENSG00000251149.1,0.0,0.0
ENSG00000200897.1,0.0,0.0
ENSG00000169554.18,0.0,0.0
ENSG00000182809.10,0.0,0.0
ENSG00000171860.4,0.0,0.0
ENSG00000253132.1,0.0,0.0
ENSG00000163599.14,0.0,0.0
ENSG00000197880.8,0.0,0.0
ENSG00000187912.11,0.0,0.0
ENSG00000113749.7,0.0,0.0
ENSG00000254174.1,0.0,0.0
ENSG00000222328.1,0.0,0.0
ENSG00000265253.1,0.0,0.0
ENSG00000235785.1,0.0,0.0
ENSG00000211843.1,0.0,0.0
ENSG00000225217.1,0.0,0.0
ENSG00000154310.16,0.0,0.0
ENSG00000211699.2,0.0,0.0
ENSG00000211802.3,0.0,0.0
ENSG00000088387.18,0.0,0.0
ENSG00000256128.5,0.0,0.0
ENSG00000211698.2,0.0,0.0
ENSG00000233387.1,0.0,0.0
ENSG00000171777.15,0.0,0.0
ENSG00000225101.4,0.0,0.0
ENSG00000211826.1,0.0,0.0
ENSG00000261371.5,0.0,0.0
ENSG00000255518.1,0.0,0.0
ENSG00000113269.13,0.0,0.0
ENSG00000163694.14,0.0,0.0
ENSG00000134827.7,0.0,0.0
ENSG00000274172.1,0.0,0.0
ENSG00000277030.1,0.0,0.0
ENSG00000105492.15,0.0,0.0
ENSG00000164125.15,0.0,0.0
ENSG00000212195.2,0.0,0.0
ENSG00000186854.10,0.0,0.0
ENSG00000227507.2,0.0,0.0
ENSG00000202019.1,0.0,0.0
ENSG00000265584.1,0.0,0.0
ENSG00000257221.3,0.0,0.0
ENSG00000207698.1,0.0,0.0
ENSG00000163492.14,0.0,0.0
ENSG00000117281.15,0.0,0.0
ENSG00000074706.13,0.0,0.0
ENSG00000120738.7,0.0,0.0
ENSG00000010810.17,0.0,0.0
ENSG00000265396.1,0.0,0.0
ENSG00000264024.2,0.0,0.0
ENSG00000273196.1,0.0,0.0
ENSG00000103381.11,0.0,0.0
ENSG00000121552.3,0.0,0.0
ENSG00000169583.12,0.0,0.0
ENSG00000111321.10,0.0,0.0
ENSG00000161405.16,0.0,0.0
ENSG00000226726.1,0.0,0.0
ENSG00000258581.2,0.0,0.0
ENSG00000160326.13,0.0,0.0
ENSG00000281887.3,0.0,0.0
ENSG00000166313.18,0.0,0.0
ENSG00000134460.15,0.0,0.0
ENSG00000085563.14,0.0,0.0
ENSG00000102524.11,0.0,0.0
ENSG00000271938.1,0.0,0.0
ENSG00000211655.3,0.0,0.0
ENSG00000138449.10,0.0,0.0
ENSG00000275693.1,0.0,0.0
ENSG00000136717.14,0.0,0.0
ENSG00000265828.1,0.0,0.0
ENSG00000150687.11,0.0,0.0
ENSG00000231858.5,0.0,0.0
ENSG00000252747.1,0.0,0.0
ENSG00000281179.1,0.0,0.0
ENSG00000270505.1,0.0,0.0
ENSG00000185291.11,0.0,0.0
ENSG00000185291.11_PAR_Y,0.0,0.0
ENSG00000135362.13,0.0,0.0
ENSG00000273179.1,0.0,0.0
ENSG00000148926.9,0.0,0.0
ENSG00000131797.12,0.0,0.0
ENSG00000160593.18,0.0,0.0
ENSG00000207279.1,0.0,0.0
ENSG00000230953.2,0.0,0.0
ENSG00000211639.2,0.0,0.0
ENSG00000163421.8,0.0,0.0
ENSG00000027075.14,0.0,0.0
ENSG00000134545.13,0.0,0.0
ENSG00000253409.1,0.0,0.0
ENSG00000084110.10,0.0,0.0
ENSG00000012223.12,0.0,0.0
ENSG00000110777.11,0.0,0.0
ENSG00000214787.9,0.0,0.0
ENSG00000253980.1,0.0,0.0
ENSG00000162892.15,0.0,0.0
ENSG00000240905.3,0.0,0.0
ENSG00000243772.7,0.0,0.0
ENSG00000265641.1,0.0,0.0
ENSG00000144218.18,0.0,0.0
ENSG00000248366.1,0.0,0.0
ENSG00000091409.14,0.0,0.0
ENSG00000010278.12,0.0,0.0
ENSG00000202047.1,0.0,0.0
ENSG00000256590.2,0.0,0.0
ENSG00000173110.7,0.0,0.0
ENSG00000260861.6,0.0,0.0
ENSG00000231535.5,0.0,0.0
ENSG00000202502.1,0.0,0.0
ENSG00000198848.12,0.0,0.0
ENSG00000042493.15,0.0,0.0
ENSG00000136997.16,0.0,0.0
ENSG00000104043.14,0.0,0.0
ENSG00000263961.6,0.0,0.0
ENSG00000173334.3,0.0,0.0
ENSG00000136111.12,0.0,0.0
ENSG00000167664.8,0.0,0.0
ENSG00000256720.1,0.0,0.0
ENSG00000137801.10,0.0,0.0
ENSG00000239264.8,0.0,0.0
ENSG00000114374.12,0.0,0.0
ENSG00000235162.8,0.0,0.0
ENSG00000128218.7,0.0,0.0
ENSG00000133067.17,0.0,0.0
ENSG00000222585.1,0.0,0.0
ENSG00000204482.10,0.0,0.0
ENSG00000120833.13,0.0,0.0
ENSG00000274493.1,0.0,0.0
ENSG00000232022.7,0.0,0.0
ENSG00000207378.1,0.0,0.0
ENSG00000132669.12,0.0,0.0
ENSG00000058091.16,0.0,0.0
ENSG00000253364.2,0.0,0.0
ENSG00000210164.1,0.0,0.0
ENSG00000119917.13,0.0,0.0
ENSG00000111371.15,0.0,0.0
ENSG00000137331.11,0.0,0.0
ENSG00000259162.1,0.0,0.0
ENSG00000228028.2,0.0,0.0
ENSG00000021300.13,0.0,0.0
ENSG00000223931.2,0.0,0.0
ENSG00000274210.1,0.0,0.0
ENSG00000246223.8,0.0,0.0
ENSG00000135074.15,0.0,0.0
ENSG00000122025.14,0.0,0.0
ENSG00000030582.17,0.0,0.0
ENSG00000221957.8,0.0,0.0
ENSG00000271130.1,0.0,0.0
ENSG00000175538.10,0.0,0.0
ENSG00000135604.9,0.0,0.0
ENSG00000228668.1,0.0,0.0
ENSG00000187037.8,0.0,0.0
ENSG00000226394.2,0.0,0.0
ENSG00000263413.2,0.0,0.0
ENSG00000213413.2,0.0,0.0
ENSG00000156299.13,0.0,0.0
ENSG00000115590.13,0.0,0.0
ENSG00000100473.15,0.0,0.0
ENSG00000136630.12,0.0,0.0
ENSG00000258352.1,0.0,0.0
ENSG00000255641.1,0.0,0.0
ENSG00000126838.9,0.0,0.0
ENSG00000222078.1,0.0,0.0
ENSG00000244582.2,0.0,0.0
ENSG00000102760.12,0.0,0.0
ENSG00000278447.1,0.0,0.0
ENSG00000283468.1,0.0,0.0
ENSG00000174944.8,0.0,0.0
ENSG00000206995.1,0.0,0.0
ENSG00000197405.7,0.0,0.0
ENSG00000196139.13,0.0,0.0
ENSG00000122224.17,0.0,0.0
ENSG00000224579.1,0.0,0.0
ENSG00000266852.2,0.0,0.0
ENSG00000279332.1,0.0,0.0
ENSG00000283551.1,0.0,0.0
ENSG00000137393.9,0.0,0.0
ENSG00000210191.1,0.0,0.0
ENSG00000266776.1,0.0,0.0
ENSG00000252244.1,0.0,0.0
ENSG00000265154.1,0.0,0.0
ENSG00000221539.1,0.0,0.0
ENSG00000135046.13,0.0,0.0
ENSG00000174500.12,0.0,0.0
ENSG00000038382.18,0.0,0.0
ENSG00000255733.5,0.0,0.0
ENSG00000157303.10,0.0,0.0
ENSG00000071575.11,0.0,0.0
ENSG00000143365.17,0.0,0.0
ENSG00000235300.4,0.0,0.0
ENSG00000168421.12,0.0,0.0
ENSG00000072110.13,0.0,0.0
ENSG00000090104.11,0.0,0.0
ENSG00000074964.16,0.0,0.0
ENSG00000212615.1,0.0,0.0
ENSG00000100100.12,0.0,0.0
ENSG00000272196.2,0.0,0.0
ENSG00000206952.3,0.0,0.0
ENSG00000164120.13,0.0,0.0
ENSG00000048462.10,0.0,0.0
ENSG00000139537.10,0.0,0.0
ENSG00000199603.1,0.0,0.0
ENSG00000207444.1,0.0,0.0
ENSG00000211923.1,0.0,0.0
ENSG00000136205.16,0.0,0.0
ENSG00000201818.1,0.0,0.0
ENSG00000133789.14,0.0,0.0
ENSG00000185920.15,0.0,0.0
ENSG00000278420.1,0.0,0.0
ENSG00000002933.7,0.0,0.0
ENSG00000033327.12,0.0,0.0
ENSG00000283699.1,0.0,0.0
ENSG00000254952.1,0.0,0.0
ENSG00000153823.18,0.0,0.0
ENSG00000283789.1,0.0,0.0
ENSG00000200579.1,0.0,0.0
ENSG00000238057.8,0.0,0.0
ENSG00000240403.5,0.0,0.0
ENSG00000259626.2,0.0,0.0
ENSG00000116741.7,0.0,0.0
ENSG00000163131.10,0.0,0.0
ENSG00000213443.2,0.0,0.0
ENSG00000117115.12,0.0,0.0
ENSG00000073737.16,0.0,0.0
ENSG00000238372.1,0.0,0.0
ENSG00000116191.17,0.0,0.0
ENSG00000244398.1,0.0,0.0
ENSG00000159618.15,0.0,0.0
ENSG00000120949.14,0.0,0.0
ENSG00000229646.2,0.0,0.0
ENSG00000188389.10,0.0,0.0
ENSG00000204161.13,0.0,0.0
ENSG00000246526.2,0.0,0.0
ENSG00000211697.4,0.0,0.0
ENSG00000263934.4,0.0,0.0
ENSG00000171101.13,0.0,0.0
ENSG00000277759.1,0.0,0.0
ENSG00000202474.1,0.0,0.0
ENSG00000281842.2,0.0,0.0
ENSG00000200879.1,0.0,0.0
ENSG00000109906.13,0.0,0.0
ENSG00000164512.17,0.0,0.0
ENSG00000166750.9,0.0,0.0
ENSG00000278263.2,0.0,0.0
ENSG00000272917.1,0.0,0.0
ENSG00000111674.8,0.0,0.0
ENSG00000111537.4,0.0,0.0
ENSG00000143797.11,0.0,0.0
ENSG00000187862.11,0.0,0.0
ENSG00000136193.16,0.0,0.0
ENSG00000201554.1,0.0,0.0
ENSG00000161642.17,0.0,0.0
ENSG00000223350.2,0.0,0.0
ENSG00000101017.13,0.0,0.0
ENSG00000144749.13,0.0,0.0
ENSG00000251892.1,0.0,0.0
ENSG00000266305.1,0.0,0.0
ENSG00000264616.1,0.0,0.0
ENSG00000253590.1,0.0,0.0
ENSG00000164398.12,0.0,0.0
ENSG00000249230.1,0.0,0.0
ENSG00000273758.1,0.0,0.0
ENSG00000116990.10,0.0,0.0
ENSG00000108798.8,0.0,0.0
ENSG00000210174.1,0.0,0.0
ENSG00000030419.16,0.0,0.0
ENSG00000271109.1,0.0,0.0
ENSG00000228078.1,0.0,0.0
ENSG00000251726.1,0.0,0.0
ENSG00000132704.15,0.0,0.0
ENSG00000200814.1,0.0,0.0
ENSG00000155366.16,0.0,0.0
ENSG00000227335.1,0.0,0.0
ENSG00000254056.1,0.0,0.0
ENSG00000212452.1,0.0,0.0
ENSG00000249318.1,0.0,0.0
ENSG00000202566.4,0.0,0.0
ENSG00000187922.13,0.0,0.0
ENSG00000119922.9,0.0,0.0
ENSG00000185745.9,0.0,0.0
ENSG00000110446.10,0.0,0.0
ENSG00000197122.11,0.0,0.0
ENSG00000169442.8,0.0,0.0
ENSG00000277255.1,0.0,0.0
ENSG00000177989.13,0.0,0.0
ENSG00000146674.14,0.0,0.0
ENSG00000230470.1,0.0,0.0
ENSG00000200999.1,0.0,0.0
ENSG00000261218.5,0.0,0.0
ENSG00000134107.4,0.0,0.0
ENSG00000124882.3,0.0,0.0
ENSG00000067646.11,0.0,0.0
ENSG00000010327.10,0.0,0.0
ENSG00000143889.15,0.0,0.0
ENSG00000185697.16,0.0,0.0
ENSG00000161944.16,0.0,0.0
ENSG00000131981.15,0.0,0.0
ENSG00000221439.1,0.0,0.0
ENSG00000143995.19,0.0,0.0
ENSG00000062282.14,0.0,0.0
ENSG00000263693.1,0.0,0.0
ENSG00000252658.1,0.0,0.0
ENSG00000161381.13,0.0,0.0
ENSG00000115604.10,0.0,0.0
ENSG00000263628.1,0.0,0.0
ENSG00000130787.13,0.0,0.0
ENSG00000268027.5,0.0,0.0
ENSG00000135929.8,0.0,0.0
ENSG00000221063.3,0.0,0.0
ENSG00000212378.1,0.0,0.0
ENSG00000261866.2,0.0,0.0
ENSG00000212440.1,0.0,0.0
ENSG00000099725.14,0.0,0.0
ENSG00000265407.1,0.0,0.0
ENSG00000014257.15,0.0,0.0
ENSG00000054654.16,0.0,0.0
ENSG00000135636.13,0.0,0.0
ENSG00000122986.13,0.0,0.0
ENSG00000111328.6,0.0,0.0
ENSG00000127507.17,0.0,0.0
ENSG00000110880.10,0.0,0.0
ENSG00000134184.12,0.0,0.0
ENSG00000100427.15,0.0,0.0
ENSG00000154928.16,0.0,0.0
ENSG00000229056.2,0.0,0.0
ENSG00000201882.1,0.0,0.0
ENSG00000183508.4,0.0,0.0
ENSG00000183813.6,0.0,0.0
ENSG00000243836.5,0.0,0.0
ENSG00000280968.1,0.0,0.0
ENSG00000163606.10,0.0,0.0
ENSG00000091181.19,0.0,0.0
ENSG00000167483.17,0.0,0.0
ENSG00000114737.15,0.0,0.0
ENSG00000263831.1,0.0,0.0
ENSG00000213402.2,0.0,0.0
ENSG00000211625.2,0.0,0.0
ENSG00000267364.1,0.0,0.0
ENSG00000124203.6,0.0,0.0
ENSG00000266559.1,0.0,0.0
ENSG00000238966.1,0.0,0.0
ENSG00000179715.12,0.0,0.0
ENSG00000222858.1,0.0,0.0
ENSG00000222037.5,0.0,0.0
ENSG00000187231.13,0.0,0.0
ENSG00000206786.1,0.0,0.0
ENSG00000111729.13,0.0,0.0
ENSG00000252947.1,0.0,0.0
ENSG00000117228.9,0.0,0.0
ENSG00000252542.1,0.0,0.0
ENSG00000258926.1,0.0,0.0
ENSG00000283477.1,0.0,0.0
ENSG00000139116.18,0.0,0.0
ENSG00000283300.1,0.0,0.0
ENSG00000206819.1,0.0,0.0
ENSG00000251880.1,0.0,0.0
ENSG00000275418.1,0.0,0.0
ENSG00000106034.17,0.0,0.0
ENSG00000249806.1,0.0,0.0
ENSG00000211717.3,0.0,0.0
ENSG00000277668.1,0.0,0.0
ENSG00000274711.1,0.0,0.0
ENSG00000227097.5,0.0,0.0
ENSG00000221716.1,0.0,0.0
ENSG00000201367.1,0.0,0.0
ENSG00000160683.4,0.0,0.0
ENSG00000148737.16,0.0,0.0
ENSG00000199753.1,0.0,0.0
ENSG00000093134.14,0.0,0.0
ENSG00000202314.1,0.0,0.0
ENSG00000271841.1,0.0,0.0
ENSG00000200138.1,0.0,0.0
ENSG00000115738.9,0.0,0.0
ENSG00000203710.10,0.0,0.0
ENSG00000164649.19,0.0,0.0
ENSG00000206633.1,0.0,0.0
ENSG00000284035.1,0.0,0.0
ENSG00000267074.1,0.0,0.0
ENSG00000111716.12,0.0,0.0
ENSG00000252326.1,0.0,0.0
ENSG00000265005.1,0.0,0.0
ENSG00000166681.13,0.0,0.0
ENSG00000104783.11,0.0,0.0
ENSG00000107968.9,0.0,0.0
ENSG00000162804.13,0.0,0.0
ENSG00000134198.9,0.0,0.0
ENSG00000267469.1,0.0,0.0
ENSG00000204894.4,0.0,0.0
ENSG00000147813.15,0.0,0.0
ENSG00000224557.7,0.0,0.0
ENSG00000197057.9,0.0,0.0
ENSG00000263813.1,0.0,0.0
ENSG00000185885.15,0.0,0.0
ENSG00000253239.1,0.0,0.0
ENSG00000205810.8,0.0,0.0
ENSG00000238446.1,0.0,0.0
ENSG00000164530.13,0.0,0.0
ENSG00000114812.12,0.0,0.0
ENSG00000284585.1,0.0,0.0
ENSG00000210154.1,0.0,0.0
ENSG00000281156.1,0.0,0.0
ENSG00000278261.1,0.0,0.0
ENSG00000227188.1,0.0,0.0
ENSG00000266222.1,0.0,0.0
ENSG00000206754.1,0.0,0.0
ENSG00000157551.17,0.0,0.0
ENSG00000211813.2,0.0,0.0
ENSG00000262408.1,0.0,0.0
ENSG00000105289.14,0.0,0.0
ENSG00000204219.9,0.0,0.0
ENSG00000275158.1,0.0,0.0
ENSG00000198618.5,0.0,0.0
ENSG00000264536.1,0.0,0.0
ENSG00000271886.1,0.0,0.0
ENSG00000252174.1,0.0,0.0
ENSG00000122188.12,0.0,0.0
ENSG00000200169.1,0.0,0.0
ENSG00000265450.1,0.0,0.0
ENSG00000091106.18,0.0,0.0
ENSG00000011590.13,0.0,0.0
ENSG00000022267.16,0.0,0.0
ENSG00000028137.18,0.0,0.0
ENSG00000221116.1,0.0,0.0
ENSG00000249936.3,0.0,0.0
ENSG00000283534.1,0.0,0.0
ENSG00000167703.14,0.0,0.0
ENSG00000264603.1,0.0,0.0
ENSG00000081985.10,0.0,0.0
ENSG00000211611.2,0.0,0.0
ENSG00000201519.1,0.0,0.0
ENSG00000238829.1,0.0,0.0
ENSG00000177570.13,0.0,0.0
ENSG00000166002.6,0.0,0.0
ENSG00000275538.1,0.0,0.0
ENSG00000201687.1,0.0,0.0
ENSG00000186205.12,0.0,0.0
ENSG00000202081.1,0.0,0.0
ENSG00000251039.2,0.0,0.0
ENSG00000196668.3,0.0,0.0
ENSG00000235505.7,0.0,0.0
ENSG00000252103.1,0.0,0.0
ENSG00000206739.1,0.0,0.0
ENSG00000283519.1,0.0,0.0
ENSG00000106952.7,0.0,0.0
ENSG00000263828.1,0.0,0.0
ENSG00000211670.2,0.0,0.0
ENSG00000137101.12,0.0,0.0
ENSG00000255354.1,0.0,0.0
ENSG00000169385.2,0.0,0.0
ENSG00000184584.12,0.0,0.0
ENSG00000216035.1,0.0,0.0
ENSG00000234663.5,0.0,0.0
ENSG00000135318.11,0.0,0.0
ENSG00000201077.1,0.0,0.0
ENSG00000265871.1,0.0,0.0
ENSG00000104427.11,0.0,0.0
ENSG00000189060.5,0.0,0.0
ENSG00000143297.18,0.0,0.0
ENSG00000207092.1,0.0,0.0
ENSG00000278770.1,0.0,0.0
ENSG00000196405.12,0.0,0.0
ENSG00000147443.12,0.0,0.0
ENSG00000238317.2,0.0,0.0
ENSG00000265089.1,0.0,0.0
ENSG00000166527.7,0.0,0.0
ENSG00000247287.2,0.0,0.0
ENSG00000206601.1,0.0,0.0
ENSG00000112796.9,0.0,0.0
ENSG00000207963.1,0.0,0.0
ENSG00000276961.1,0.0,0.0
ENSG00000189430.12,0.0,0.0
ENSG00000103522.15,0.0,0.0
ENSG00000201957.1,0.0,0.0
ENSG00000265452.1,0.0,0.0
ENSG00000201592.1,0.0,0.0
ENSG00000162551.13,0.0,0.0
ENSG00000179934.6,0.0,0.0
ENSG00000252269.1,0.0,0.0
ENSG00000223177.1,0.0,0.0
ENSG00000199331.1,0.0,0.0
ENSG00000249446.2,0.0,0.0
ENSG00000238482.1,0.0,0.0
ENSG00000135363.11,0.0,0.0
ENSG00000082512.14,0.0,0.0
ENSG00000200882.1,0.0,0.0
ENSG00000211685.3,0.0,0.0
ENSG00000212242.1,0.0,0.0
ENSG00000199733.1,0.0,0.0
ENSG00000199082.1,0.0,0.0
ENSG00000221325.1,0.0,0.0
ENSG00000166289.5,0.0,0.0
ENSG00000274986.1,0.0,0.0
ENSG00000212207.1,0.0,0.0
ENSG00000104870.12,0.0,0.0
ENSG00000284095.1,0.0,0.0
ENSG00000222302.1,0.0,0.0
ENSG00000200648.1,0.0,0.0
ENSG00000114268.11,0.0,0.0
ENSG00000252118.1,0.0,0.0
ENSG00000157557.11,0.0,0.0
ENSG00000021762.19,0.0,0.0
ENSG00000276712.1,0.0,0.0
ENSG00000113319.12,0.0,0.0
ENSG00000188001.9,0.0,0.0
ENSG00000143167.11,0.0,0.0
ENSG00000166928.10,0.0,0.0
ENSG00000251819.1,0.0,0.0
ENSG00000167984.17,0.0,0.0
ENSG00000104093.13,0.0,0.0
ENSG00000207956.1,0.0,0.0
ENSG00000163932.13,0.0,0.0
ENSG00000274466.1,0.0,0.0
ENSG00000183023.18,0.0,0.0
ENSG00000227195.10,0.0,0.0
ENSG00000200241.1,0.0,0.0
ENSG00000274585.1,0.0,0.0
ENSG00000275616.1,0.0,0.0
ENSG00000273709.1,0.0,0.0
ENSG00000274432.1,0.0,0.0
ENSG00000278048.1,0.0,0.0
ENSG00000276596.1,0.0,0.0
ENSG00000277903.1,0.0,0.0
ENSG00000274862.1,0.0,0.0
ENSG00000274062.1,0.0,0.0
ENSG00000275219.1,0.0,0.0
ENSG00000278591.1,0.0,0.0
ENSG00000269899.1,0.0,0.0
ENSG00000086288.11,0.0,0.0
ENSG00000163568.14,0.0,0.0
ENSG00000092758.15,0.0,0.0
ENSG00000250322.2,0.0,0.0
ENSG00000185339.8,0.0,0.0
ENSG00000137502.9,0.0,0.0
ENSG00000004399.12,0.0,0.0
ENSG00000105717.13,0.0,0.0
ENSG00000112299.7,0.0,0.0
ENSG00000253520.1,0.0,0.0
ENSG00000281103.1,0.0,0.0
ENSG00000259274.1,0.0,0.0
ENSG00000243414.5,0.0,0.0
ENSG00000249119.1,0.0,0.0
ENSG00000207750.1,0.0,0.0
ENSG00000000971.15,0.0,0.0
ENSG00000222255.1,0.0,0.0
ENSG00000176928.5,0.0,0.0
ENSG00000254719.1,0.0,0.0
ENSG00000007264.14,0.0,0.0
ENSG00000265874.1,0.0,0.0
ENSG00000166165.12,0.0,0.0
ENSG00000200883.1,0.0,0.0
ENSG00000202514.1,0.0,0.0
ENSG00000199357.1,0.0,0.0
ENSG00000166145.14,0.0,0.0
ENSG00000258810.1,0.0,0.0
ENSG00000182718.16,0.0,0.0
ENSG00000267595.1,0.0,0.0
ENSG00000163803.12,0.0,0.0
ENSG00000167851.13,0.0,0.0
ENSG00000128604.19,0.0,0.0
ENSG00000136244.11,0.0,0.0
ENSG00000200525.1,0.0,0.0
ENSG00000200985.1,0.0,0.0
ENSG00000196565.13,0.0,0.0
ENSG00000234614.1,0.0,0.0
ENSG00000186265.9,0.0,0.0
ENSG00000224796.1,0.0,0.0
ENSG00000276597.1,0.0,0.0
ENSG00000120280.5,0.0,0.0
ENSG00000236073.2,0.0,0.0
ENSG00000154165.4,0.0,0.0
ENSG00000252516.1,0.0,0.0
ENSG00000264678.1,0.0,0.0
ENSG00000223224.1,0.0,0.0
ENSG00000239105.1,0.0,0.0
ENSG00000265145.1,0.0,0.0
ENSG00000201071.1,0.0,0.0
ENSG00000222345.1,0.0,0.0
ENSG00000196549.10,0.0,0.0
ENSG00000118515.11,0.0,0.0
ENSG00000201820.1,0.0,0.0
ENSG00000273836.1,0.0,0.0
ENSG00000233392.5,0.0,0.0
ENSG00000151726.13,0.0,0.0
ENSG00000197632.8,0.0,0.0
ENSG00000165801.9,0.0,0.0
ENSG00000267453.7,0.0,0.0
ENSG00000206762.1,0.0,0.0
ENSG00000178538.9,0.0,0.0
ENSG00000207554.1,0.0,0.0
ENSG00000278549.1,0.0,0.0
ENSG00000182568.16,0.0,0.0
ENSG00000233999.3,0.0,0.0
ENSG00000198400.11,0.0,0.0
ENSG00000208036.1,0.0,0.0
ENSG00000212296.1,0.0,0.0
ENSG00000200840.1,0.0,0.0
ENSG00000183662.10,0.0,0.0
ENSG00000284032.1,0.0,0.0
ENSG00000160791.13,0.0,0.0
ENSG00000008283.15,0.0,0.0
ENSG00000100321.14,0.0,0.0
ENSG00000264056.1,0.0,0.0
ENSG00000251991.1,0.0,0.0
ENSG00000241244.1,0.0,0.0
ENSG00000199133.3,0.0,0.0
ENSG00000238423.1,0.0,0.0
ENSG00000251922.1,0.0,0.0
ENSG00000223946.1,0.0,0.0
ENSG00000264610.1,0.0,0.0
ENSG00000278473.1,0.0,0.0
ENSG00000117560.7,0.0,0.0
ENSG00000263712.1,0.0,0.0
ENSG00000112182.14,0.0,0.0
ENSG00000256862.1,0.0,0.0
ENSG00000177272.8,0.0,0.0
ENSG00000173372.16,0.0,0.0
ENSG00000171130.17,0.0,0.0
ENSG00000130066.16,0.0,0.0
ENSG00000142405.21,0.0,0.0
ENSG00000235043.3,0.0,0.0
ENSG00000251739.1,0.0,0.0
ENSG00000274066.1,0.0,0.0
ENSG00000200344.1,0.0,0.0
ENSG00000204136.10,0.0,0.0
ENSG00000224331.2,0.0,0.0
ENSG00000199938.1,0.0,0.0
ENSG00000158321.15,0.0,0.0
ENSG00000101224.17,0.0,0.0
ENSG00000109943.8,0.0,0.0
ENSG00000125898.12,0.0,0.0
ENSG00000252756.1,0.0,0.0
ENSG00000147459.17,0.0,0.0
ENSG00000233093.5,0.0,0.0
ENSG00000169902.13,0.0,0.0
ENSG00000178038.16,0.0,0.0
ENSG00000221739.1,0.0,0.0
ENSG00000139970.16,0.0,0.0
ENSG00000272439.1,0.0,0.0
ENSG00000212493.1,0.0,0.0
ENSG00000213203.2,0.0,0.0
ENSG00000204420.8,0.0,0.0
ENSG00000149798.4,0.0,0.0
ENSG00000113070.7,0.0,0.0
ENSG00000259007.1,0.0,0.0
ENSG00000104964.14,0.0,0.0
ENSG00000273612.1,0.0,0.0
ENSG00000198846.5,0.0,0.0
ENSG00000235449.2,0.0,0.0
ENSG00000238364.1,0.0,0.0
ENSG00000267174.5,0.0,0.0
ENSG00000244734.3,0.0,0.0
ENSG00000279119.1,0.0,0.0
ENSG00000202031.1,0.0,0.0
ENSG00000134955.11,0.0,0.0
ENSG00000284387.1,0.0,0.0
ENSG00000169224.12,0.0,0.0
ENSG00000149294.16,0.0,0.0
ENSG00000164116.16,0.0,0.0
ENSG00000120278.15,0.0,0.0
ENSG00000139112.10,0.0,0.0
ENSG00000211677.2,0.0,0.0
ENSG00000273749.4,0.0,0.0
ENSG00000207653.1,0.0,0.0
ENSG00000276753.1,0.0,0.0
ENSG00000222831.1,0.0,0.0
ENSG00000266320.1,0.0,0.0
ENSG00000169508.6,0.0,0.0
ENSG00000239183.1,0.0,0.0
ENSG00000221520.1,0.0,0.0
ENSG00000266923.1,0.0,0.0
ENSG00000199266.1,0.0,0.0
ENSG00000170962.12,0.0,0.0
ENSG00000075426.11,0.0,0.0
ENSG00000112561.17,0.0,0.0
ENSG00000207368.1,0.0,0.0
ENSG00000222266.1,0.0,0.0
ENSG00000196781.14,0.0,0.0
ENSG00000210184.1,0.0,0.0
ENSG00000284048.1,0.0,0.0
ENSG00000201558.1,0.0,0.0
ENSG00000064886.13,0.0,0.0
ENSG00000206848.1,0.0,0.0
ENSG00000266041.1,0.0,0.0
ENSG00000222249.1,0.0,0.0
ENSG00000246084.2,0.0,0.0
ENSG00000211595.2,0.0,0.0
ENSG00000206828.1,0.0,0.0
ENSG00000253763.1,0.0,0.0
ENSG00000207194.1,0.0,0.0
ENSG00000232979.1,0.0,0.0
ENSG00000215252.11,0.0,0.0
ENSG00000110080.18,0.0,0.0
ENSG00000144152.12,0.0,0.0
ENSG00000207697.1,0.0,0.0
ENSG00000239350.2,0.0,0.0
ENSG00000170074.19,0.0,0.0
ENSG00000171843.15,0.0,0.0
ENSG00000253291.1,0.0,0.0
ENSG00000091490.10,0.0,0.0
ENSG00000175274.18,0.0,0.0
ENSG00000188042.7,0.0,0.0
ENSG00000231566.1,0.0,0.0
ENSG00000170486.10,0.0,0.0
ENSG00000125430.8,0.0,0.0
ENSG00000123384.13,0.0,0.0
ENSG00000165140.9,0.0,0.0
ENSG00000133048.12,0.0,0.0
ENSG00000264399.1,0.0,0.0
ENSG00000225528.3,0.0,0.0
ENSG00000211949.3,0.0,0.0
ENSG00000153071.14,0.0,0.0
ENSG00000267576.1,0.0,0.0
ENSG00000205045.8,0.0,0.0
ENSG00000251805.1,0.0,0.0
ENSG00000276580.1,0.0,0.0
ENSG00000200113.1,0.0,0.0
ENSG00000173868.11,0.0,0.0
ENSG00000144645.13,0.0,0.0
ENSG00000249780.1,0.0,0.0
ENSG00000206732.1,0.0,0.0
ENSG00000060138.12,0.0,0.0
ENSG00000278275.1,0.0,0.0
ENSG00000090382.6,0.0,0.0
ENSG00000231964.1,0.0,0.0
ENSG00000273882.1,0.0,0.0
ENSG00000186827.10,0.0,0.0
ENSG00000225948.2,0.0,0.0
ENSG00000211895.4,0.0,0.0
ENSG00000212445.1,0.0,0.0
ENSG00000167207.11,0.0,0.0
ENSG00000061918.12,0.0,0.0
ENSG00000125538.11,0.0,0.0
ENSG00000266802.1,0.0,0.0
ENSG00000206768.1,0.0,0.0
ENSG00000142089.15,0.0,0.0
ENSG00000201724.1,0.0,0.0
ENSG00000255240.5,0.0,0.0
ENSG00000139832.4,0.0,0.0
ENSG00000059728.10,0.0,0.0
ENSG00000282173.1,0.0,0.0
ENSG00000211899.9,0.0,0.0
ENSG00000252916.1,0.0,0.0
ENSG00000252965.1,0.0,0.0
ENSG00000201129.1,0.0,0.0
ENSG00000241978.9,0.0,0.0
ENSG00000201830.1,0.0,0.0
ENSG00000273962.1,0.0,0.0
ENSG00000211720.3,0.0,0.0
ENSG00000186481.16,0.0,0.0
ENSG00000148175.12,0.0,0.0
ENSG00000005381.7,0.0,0.0
ENSG00000257524.5,0.0,0.0
ENSG00000235686.1,0.0,0.0
ENSG00000165071.14,0.0,0.0
ENSG00000201785.1,0.0,0.0
ENSG00000206756.1,0.0,0.0
ENSG00000199525.1,0.0,0.0
ENSG00000107281.9,0.0,0.0
ENSG00000221507.1,0.0,0.0
ENSG00000221662.1,0.0,0.0
ENSG00000212588.1,0.0,0.0
ENSG00000162645.12,0.0,0.0
ENSG00000268903.1,0.0,0.0
ENSG00000104361.9,0.0,0.0
ENSG00000117322.17,0.0,0.0
ENSG00000200087.1,0.0,0.0
ENSG00000221537.1,0.0,0.0
ENSG00000172965.14,0.0,0.0
ENSG00000212579.1,0.0,0.0
ENSG00000135077.8,0.0,0.0
ENSG00000239819.2,0.0,0.0
ENSG00000207757.1,0.0,0.0
ENSG00000163191.5,0.0,0.0
ENSG00000206926.1,0.0,0.0
ENSG00000207336.1,0.0,0.0
ENSG00000169252.5,0.0,0.0
ENSG00000277734.7,0.0,0.0
ENSG00000104432.13,0.0,0.0
ENSG00000207320.1,0.0,0.0
ENSG00000116729.13,0.0,0.0
ENSG00000212257.1,0.0,0.0
ENSG00000234184.5,0.0,0.0
ENSG00000132465.10,0.0,0.0
ENSG00000225936.1,0.0,0.0
ENSG00000277049.1,0.0,0.0
ENSG00000163739.4,0.0,0.0
ENSG00000201644.2,0.0,0.0
ENSG00000222224.1,0.0,0.0
ENSG00000200419.1,0.0,0.0
ENSG00000263793.1,0.0,0.0
ENSG00000165030.3,0.0,0.0
ENSG00000226163.1,0.0,0.0
ENSG00000182557.7,0.0,0.0
ENSG00000163453.11,0.0,0.0
ENSG00000179088.14,0.0,0.0
ENSG00000198223.16,0.0,0.0
ENSG00000198223.16_PAR_Y,0.0,0.0
ENSG00000265957.1,0.0,0.0
ENSG00000200785.1,0.0,0.0
ENSG00000151490.13,0.0,0.0
ENSG00000276471.1,0.0,0.0
ENSG00000264792.1,0.0,0.0
ENSG00000207399.1,0.0,0.0
ENSG00000179750.15,0.0,0.0
ENSG00000265588.1,0.0,0.0
ENSG00000207186.1,0.0,0.0
ENSG00000211679.2,0.0,0.0
ENSG00000211599.2,0.0,0.0
ENSG00000207362.1,0.0,0.0
ENSG00000264653.1,0.0,0.0
ENSG00000256660.5,0.0,0.0
ENSG00000172575.11,0.0,0.0
ENSG00000200247.1,0.0,0.0
ENSG00000223263.1,0.0,0.0
ENSG00000073861.2,0.0,0.0
ENSG00000266745.1,0.0,0.0
ENSG00000101842.13,0.0,0.0
ENSG00000212181.1,0.0,0.0
ENSG00000228956.8,0.0,0.0
ENSG00000102145.13,0.0,0.0
ENSG00000222501.1,0.0,0.0
ERCC-00074,0.0,0.0
ENSG00000178573.6,0.0,0.0
ENSG00000004468.12,0.0,0.0
ENSG00000147138.1,0.0,0.0
ENSG00000267203.1,0.0,0.0
ENSG00000207547.1,0.0,0.0
ENSG00000177191.2,0.0,0.0
ENSG00000089159.16,0.0,0.0
ENSG00000142173.14,0.0,0.0
ENSG00000178726.6,0.0,0.0
ENSG00000169031.18,0.0,0.0
ENSG00000272282.1,0.0,0.0
ENSG00000273445.1,0.0,0.0
ENSG00000207719.1,0.0,0.0
ENSG00000251972.1,0.0,0.0
ENSG00000273320.1,0.0,0.0
ENSG00000186197.13,0.0,0.0
ENSG00000162881.6,0.0,0.0
ENSG00000206743.1,0.0,0.0
ENSG00000058866.14,0.0,0.0
ENSG00000137757.10,0.0,0.0
ENSG00000155657.26,0.0,0.0
ENSG00000127954.12,0.0,0.0
ENSG00000111291.8,0.0,0.0
ENSG00000221737.1,0.0,0.0
ENSG00000230395.1,0.0,0.0
ENSG00000161911.11,0.0,0.0
ENSG00000257767.2,0.0,0.0
ENSG00000207561.1,0.0,0.0
ENSG00000254325.2,0.0,0.0
ENSG00000201524.1,0.0,0.0
ENSG00000089692.8,0.0,0.0
ENSG00000252615.1,0.0,0.0
ENSG00000253535.5,0.0,0.0
ENSG00000109113.18,0.0,0.0
ENSG00000145569.5,0.0,0.0
ENSG00000135838.13,0.0,0.0
ENSG00000270640.1,0.0,0.0
ENSG00000206638.1,0.0,0.0
ENSG00000252614.1,0.0,0.0
ENSG00000200350.1,0.0,0.0
ENSG00000252859.1,0.0,0.0
ENSG00000283618.1,0.0,0.0
ENSG00000153898.12,0.0,0.0
ENSG00000206875.1,0.0,0.0
ENSG00000211979.2,0.0,0.0
ENSG00000200183.1,0.0,0.0
ENSG00000251139.2,0.0,0.0
ENSG00000254172.1,0.0,0.0
ENSG00000267692.1,0.0,0.0
ENSG00000211974.3,0.0,0.0
ENSG00000105122.12,0.0,0.0
ENSG00000176533.12,0.0,0.0
ENSG00000129226.13,0.0,0.0
ENSG00000005059.15,0.0,0.0
ENSG00000165959.11,0.0,0.0
ENSG00000211896.7,0.0,0.0
ENSG00000262400.1,0.0,0.0
ENSG00000197457.9,0.0,0.0
ENSG00000222872.1,0.0,0.0
ENSG00000171522.5,0.0,0.0
ENSG00000138172.10,0.0,0.0
ENSG00000199466.1,0.0,0.0
ENSG00000200522.1,0.0,0.0
ENSG00000276029.1,0.0,0.0
ENSG00000266017.1,0.0,0.0
ENSG00000188822.7,0.0,0.0
ENSG00000207752.1,0.0,0.0
ENSG00000238754.1,0.0,0.0
ENSG00000005020.12,0.0,0.0
ENSG00000069493.14,0.0,0.0
ENSG00000265102.1,0.0,0.0
ENSG00000118503.14,0.0,0.0
ENSG00000162777.16,0.0,0.0
ENSG00000281825.1,0.0,0.0
ENSG00000201942.1,0.0,0.0
ENSG00000251980.1,0.0,0.0
ENSG00000226117.1,0.0,0.0
ENSG00000175265.17,0.0,0.0
ENSG00000271605.5,0.0,0.0
ENSG00000199032.1,0.0,0.0
ENSG00000201343.1,0.0,0.0
ENSG00000007350.16,0.0,0.0
ENSG00000158715.5,0.0,0.0
ENSG00000199545.1,0.0,0.0
ENSG00000235763.1,0.0,0.0
ENSG00000222248.1,0.0,0.0
ENSG00000202400.1,0.0,0.0
ENSG00000215580.10,0.0,0.0
ENSG00000265706.1,0.0,0.0
ENSG00000113916.17,0.0,0.0
ENSG00000199674.1,0.0,0.0
ENSG00000230327.1,0.0,0.0
ENSG00000200788.1,0.0,0.0
ENSG00000119714.10,0.0,0.0
ENSG00000168961.16,0.0,0.0
ENSG00000252026.1,0.0,0.0
ENSG00000118922.17,0.0,0.0
ENSG00000280121.1,0.0,0.0
ENSG00000007237.18,0.0,0.0
ENSG00000249859.9,0.0,0.0
ENSG00000222808.1,0.0,0.0
ENSG00000223138.1,0.0,0.0
ENSG00000208883.1,0.0,0.0
ENSG00000154016.13,0.0,0.0
ENSG00000222365.1,0.0,0.0
ENSG00000206888.1,0.0,0.0
ENSG00000125089.16,0.0,0.0
ENSG00000263164.1,0.0,0.0
ENSG00000123096.11,0.0,0.0
ENSG00000112195.8,0.0,0.0
ENSG00000178695.5,0.0,0.0
ENSG00000256007.1,0.0,0.0
ENSG00000253043.1,0.0,0.0
ENSG00000222432.1,0.0,0.0
ENSG00000201573.1,0.0,0.0
ENSG00000142192.20,0.0,0.0
ENSG00000252804.1,0.0,0.0
ENSG00000101347.8,0.0,0.0
ENSG00000276231.4,0.0,0.0
ENSG00000271214.1,0.0,0.0
ENSG00000207308.1,0.0,0.0
ENSG00000257979.1,0.0,0.0
ENSG00000277634.1,0.0,0.0
ENSG00000201371.1,0.0,0.0
ENSG00000274620.1,0.0,0.0
ENSG00000265421.1,0.0,0.0
ENSG00000213172.3,0.0,0.0
ENSG00000198286.9,0.0,0.0
ENSG00000134986.13,0.0,0.0
ENSG00000264049.1,0.0,0.0
ENSG00000225091.3,0.0,0.0
ENSG00000206634.1,0.0,0.0
ENSG00000167600.13,0.0,0.0
ENSG00000252782.1,0.0,0.0
ENSG00000163393.12,0.0,0.0
ENSG00000200685.1,0.0,0.0
ENSG00000201076.1,0.0,0.0
ENSG00000281780.1,0.0,0.0
ENSG00000245869.2,0.0,0.0
ENSG00000135114.12,0.0,0.0
ENSG00000165168.7,0.0,0.0
ENSG00000224207.3,0.0,0.0
ENSG00000263764.1,0.0,0.0
ENSG00000167094.15,0.0,0.0
ENSG00000207926.1,0.0,0.0
ENSG00000242853.3,0.0,0.0
ENSG00000210156.1,0.0,0.0
ENSG00000210176.1,0.0,0.0
ENSG00000152229.18,0.0,0.0
ENSG00000165702.13,0.0,0.0
ENSG00000180767.9,0.0,0.0
ENSG00000207029.1,0.0,0.0
ENSG00000265355.1,0.0,0.0
ENSG00000252560.1,0.0,0.0
ENSG00000245105.2,0.0,0.0
ENSG00000140284.10,0.0,0.0
ENSG00000147576.15,0.0,0.0
ENSG00000238713.1,0.0,0.0
ENSG00000199906.1,0.0,0.0
ENSG00000200354.1,0.0,0.0
ENSG00000233038.5,0.0,0.0
ENSG00000221643.1,0.0,0.0
ENSG00000276102.1,0.0,0.0
ENSG00000229230.3,0.0,0.0
ENSG00000221510.1,0.0,0.0
ENSG00000207626.1,0.0,0.0
ENSG00000206747.1,0.0,0.0
ENSG00000107679.14,0.0,0.0
ENSG00000113249.12,0.0,0.0
ENSG00000252132.1,0.0,0.0
ENSG00000186654.20,0.0,0.0
ENSG00000199370.2,0.0,0.0
ENSG00000253042.1,0.0,0.0
ENSG00000223188.1,0.0,0.0
ENSG00000252316.1,0.0,0.0
ENSG00000206675.1,0.0,0.0
ENSG00000206975.1,0.0,0.0
ENSG00000207334.1,0.0,0.0
ENSG00000211931.1,0.0,0.0
ENSG00000202259.1,0.0,0.0
ENSG00000152465.17,0.0,0.0
ENSG00000237848.1,0.0,0.0
ENSG00000268758.7,0.0,0.0
ENSG00000137265.14,0.0,0.0
ENSG00000109099.13,0.0,0.0
ENSG00000198736.11,0.0,0.0
ENSG00000159445.12,0.0,0.0
ENSG00000199977.1,0.0,0.0
ERCC-00002,0.0,0.0
ENSG00000253008.2,0.0,0.0
ENSG00000141540.10,0.0,0.0
ENSG00000184602.5,0.0,0.0
ENSG00000114423.18,0.0,0.0
ENSG00000276926.1,0.0,0.0
ENSG00000266589.1,0.0,0.0
ENSG00000154269.14,0.0,0.0
ENSG00000173366.11,0.0,0.0
ENSG00000215030.5,0.0,0.0
ENSG00000256210.3,0.0,0.0
ENSG00000186891.13,0.0,0.0
ENSG00000254740.2,0.0,0.0
ENSG00000283971.1,0.0,0.0
ENSG00000140044.12,0.0,0.0
ENSG00000283409.1,0.0,0.0
ENSG00000078589.12,0.0,0.0
ENSG00000275022.1,0.0,0.0
ENSG00000284324.1,0.0,0.0
ENSG00000143162.7,0.0,0.0
ENSG00000206651.1,0.0,0.0
ENSG00000211957.2,0.0,0.0
ENSG00000270972.1,0.0,0.0
ENSG00000189283.9,0.0,0.0
ENSG00000206738.1,0.0,0.0
ENSG00000208308.1,0.0,0.0
ENSG00000211623.2,0.0,0.0
ENSG00000197249.13,0.0,0.0
ENSG00000110057.7,0.0,0.0
ENSG00000149269.9,0.0,0.0
ENSG00000211684.2,0.0,0.0
ENSG00000074416.13,0.0,0.0
ENSG00000271852.1,0.0,0.0
ENSG00000257624.1,0.0,0.0
ENSG00000279340.1,0.0,0.0
ENSG00000275464.4,0.0,0.0
ENSG00000128284.19,0.0,0.0
ENSG00000275939.1,0.0,0.0
ENSG00000272359.1,0.0,0.0
ENSG00000269877.3,0.0,0.0
ENSG00000202430.1,0.0,0.0
ENSG00000008394.12,0.0,0.0
ENSG00000222287.1,0.0,0.0
ENSG00000207144.1,0.0,0.0
ENSG00000170873.18,0.0,0.0
ENSG00000258531.2,0.0,0.0
ENSG00000236709.1,0.0,0.0
ENSG00000243398.3,0.0,0.0
ENSG00000202490.1,0.0,0.0
ENSG00000264558.1,0.0,0.0
ENSG00000206941.1,0.0,0.0
ENSG00000240041.1,0.0,0.0
ENSG00000165646.11,0.0,0.0
ENSG00000248923.1,0.0,0.0
ENSG00000102265.11,0.0,0.0
ENSG00000121966.6,0.0,0.0
ENSG00000269952.1,0.0,0.0
ENSG00000267458.1,0.0,0.0
ENSG00000125505.16,0.0,0.0
ENSG00000211632.4,0.0,0.0
ENSG00000175029.16,0.0,0.0
ENSG00000265879.1,0.0,0.0
ENSG00000169116.11,0.0,0.0
ENSG00000140105.17,0.0,0.0
ENSG00000275377.1,0.0,0.0
ENSG00000143110.11,0.0,0.0
ENSG00000202382.1,0.0,0.0
ENSG00000155090.14,0.0,0.0
ENSG00000251785.1,0.0,0.0
ENSG00000140545.14,0.0,0.0
ENSG00000251971.1,0.0,0.0
ENSG00000211870.1,0.0,0.0
ENSG00000171236.9,0.0,0.0
ENSG00000207406.1,0.0,0.0
ENSG00000121858.10,0.0,0.0
ENSG00000211597.2,0.0,0.0
ENSG00000186831.11,0.0,0.0
ENSG00000265321.1,0.0,0.0
ENSG00000116299.16,0.0,0.0
ENSG00000124780.13,0.0,0.0
ENSG00000263838.1,0.0,0.0
ENSG00000247774.6,0.0,0.0
ENSG00000221500.1,0.0,0.0
ENSG00000090339.8,0.0,0.0
ENSG00000211891.5,0.0,0.0
ENSG00000261704.2,0.0,0.0
ENSG00000130844.16,0.0,0.0
ENSG00000252892.1,0.0,0.0
ENSG00000264229.1,0.0,0.0
ENSG00000206605.1,0.0,0.0
ENSG00000202184.1,0.0,0.0
ENSG00000171033.12,0.0,0.0
ENSG00000163737.3,0.0,0.0
ENSG00000222511.2,0.0,0.0
ENSG00000134321.11,0.0,0.0
ENSG00000278034.1,0.0,0.0
ENSG00000157445.14,0.0,0.0
ENSG00000150782.11,0.0,0.0
ENSG00000265056.1,0.0,0.0
ENSG00000130830.14,0.0,0.0
ENSG00000200913.1,0.0,0.0
ENSG00000274417.1,0.0,0.0
ENSG00000168646.12,0.0,0.0
ENSG00000133818.13,0.0,0.0
ENSG00000160271.14,0.0,0.0
ENSG00000263581.1,0.0,0.0
ENSG00000140391.14,0.0,0.0
ENSG00000085117.11,0.0,0.0
ENSG00000221430.1,0.0,0.0
ENSG00000242829.1,0.0,0.0
ENSG00000151150.21,0.0,0.0
ENSG00000251783.1,0.0,0.0
ENSG00000228292.1,0.0,0.0
ENSG00000171643.13,0.0,0.0
ENSG00000167642.12,0.0,0.0
ENSG00000139626.15,0.0,0.0
ENSG00000154589.6,0.0,0.0
ENSG00000207393.1,0.0,0.0
ENSG00000200597.1,0.0,0.0
ENSG00000149557.12,0.0,0.0
ENSG00000252456.1,0.0,0.0
ENSG00000207721.1,0.0,0.0
ENSG00000111052.7,0.0,0.0
ENSG00000251775.1,0.0,0.0
ENSG00000151729.10,0.0,0.0
ENSG00000207980.1,0.0,0.0
ENSG00000201298.1,0.0,0.0
ENSG00000266226.1,0.0,0.0
ENSG00000251301.6,0.0,0.0
ENSG00000019169.10,0.0,0.0
ENSG00000231445.1,0.0,0.0
ENSG00000254205.1,0.0,0.0
ENSG00000251957.1,0.0,0.0
ENSG00000166405.14,0.0,0.0
ENSG00000221466.2,0.0,0.0
ENSG00000212293.1,0.0,0.0
ENSG00000201457.1,0.0,0.0
ENSG00000196839.12,0.0,0.0
ENSG00000057704.12,0.0,0.0
ENSG00000171848.13,0.0,0.0
ENSG00000212497.1,0.0,0.0
ENSG00000207036.1,0.0,0.0
ENSG00000101194.17,0.0,0.0
ENSG00000105514.7,0.0,0.0
ENSG00000266245.1,0.0,0.0
ENSG00000264881.1,0.0,0.0
ENSG00000271064.1,0.0,0.0
ENSG00000238366.1,0.0,0.0
ENSG00000238542.1,0.0,0.0
ENSG00000263584.1,0.0,0.0
ENSG00000275709.1,0.0,0.0
ENSG00000201944.1,0.0,0.0
ENSG00000273682.1,0.0,0.0
ENSG00000229151.1,0.0,0.0
ENSG00000199509.1,0.0,0.0
ENSG00000100906.10,0.0,0.0
ENSG00000250696.5,0.0,0.0
ENSG00000201121.1,0.0,0.0
ENSG00000108679.12,0.0,0.0
ENSG00000165457.13,0.0,0.0
ENSG00000252824.1,0.0,0.0
ENSG00000187554.11,0.0,0.0
ENSG00000255151.2,0.0,0.0
ENSG00000252274.1,0.0,0.0
ENSG00000251804.1,0.0,0.0
ENSG00000225938.1,0.0,0.0
ENSG00000252096.1,0.0,0.0
ENSG00000207802.1,0.0,0.0
ENSG00000271964.1,0.0,0.0
ENSG00000166669.13,0.0,0.0
ENSG00000140090.17,0.0,0.0
ENSG00000255760.1,0.0,0.0
ENSG00000218749.1,0.0,0.0
ENSG00000107242.17,0.0,0.0
ENSG00000252835.1,0.0,0.0
ENSG00000206976.1,0.0,0.0
ENSG00000145675.14,0.0,0.0
ENSG00000222344.1,0.0,0.0
ENSG00000173482.16,0.0,0.0
ENSG00000207234.1,0.0,0.0
ENSG00000133740.10,0.0,0.0
ENSG00000272529.1,0.0,0.0
ENSG00000071205.11,0.0,0.0
ENSG00000224078.13,0.0,0.0
ENSG00000100003.17,0.0,0.0
ENSG00000119865.8,0.0,0.0
ENSG00000057657.15,0.0,0.0
ENSG00000238072.1,0.0,0.0
ENSG00000070190.12,0.0,0.0
ENSG00000271699.5,0.0,0.0
ENSG00000275856.1,0.0,0.0
ENSG00000200534.1,0.0,0.0
ENSG00000090554.12,0.0,0.0
ENSG00000259513.1,0.0,0.0
ENSG00000105281.12,0.0,0.0
ENSG00000278766.2,0.0,0.0
ENSG00000238300.1,0.0,0.0
ENSG00000207047.2,0.0,0.0
ENSG00000274759.1,0.0,0.0
ENSG00000189068.9,0.0,0.0
ENSG00000232037.3,0.0,0.0
ENSG00000221102.1,0.0,0.0
ENSG00000221264.1,0.0,0.0
ENSG00000206781.1,0.0,0.0
ENSG00000222351.1,0.0,0.0
ENSG00000263909.1,0.0,0.0
ENSG00000207525.1,0.0,0.0
ENSG00000197746.13,0.0,0.0
ENSG00000269711.1,0.0,0.0
ENSG00000273173.5,0.0,0.0
ENSG00000202078.1,0.0,0.0
ENSG00000199347.1,0.0,0.0
ENSG00000201566.1,0.0,0.0
ENSG00000211593.2,0.0,0.0
ENSG00000200719.1,0.0,0.0
ENSG00000240568.1,0.0,0.0
ENSG00000270966.1,0.0,0.0
ENSG00000271614.1,0.0,0.0
ENSG00000265932.1,0.0,0.0
ENSG00000200834.1,0.0,0.0
ENSG00000265820.1,0.0,0.0
ENSG00000160712.12,0.0,0.0
ENSG00000207325.1,0.0,0.0
ENSG00000171659.13,0.0,0.0
ENSG00000231165.3,0.0,0.0
ENSG00000109321.10,0.0,0.0
ENSG00000265996.1,0.0,0.0
ENSG00000264419.1,0.0,0.0
ENSG00000134352.19,0.0,0.0
ENSG00000071073.12,0.0,0.0
ENSG00000100097.11,0.0,0.0
ENSG00000276396.1,0.0,0.0
ENSG00000207701.1,0.0,0.0
ENSG00000284446.1,0.0,0.0
ENSG00000164300.16,0.0,0.0
ENSG00000283701.1,0.0,0.0
ENSG00000278236.1,0.0,0.0
ENSG00000248309.7,0.0,0.0
ENSG00000200164.1,0.0,0.0
ENSG00000201470.1,0.0,0.0
ENSG00000201302.1,0.0,0.0
ENSG00000125869.9,0.0,0.0
ENSG00000214851.4,0.0,0.0
ENSG00000125498.19,0.0,0.0
ENSG00000166979.12,0.0,0.0
ENSG00000257629.1,0.0,0.0
ENSG00000200156.1,0.0,0.0
ENSG00000262187.1,0.0,0.0
ENSG00000159399.9,0.0,0.0
ENSG00000188403.7,0.0,0.0
ENSG00000238835.1,0.0,0.0
ENSG00000111863.12,0.0,0.0
ENSG00000251834.1,0.0,0.0
ENSG00000168389.17,0.0,0.0
ENSG00000085871.8,0.0,0.0
ENSG00000144802.11,0.0,0.0
ENSG00000263917.1,0.0,0.0
ENSG00000201499.1,0.0,0.0
ENSG00000155158.20,0.0,0.0
ENSG00000102554.13,0.0,0.0
ENSG00000257403.2,0.0,0.0
ENSG00000198734.10,0.0,0.0
ENSG00000132849.19,0.0,0.0
ENSG00000279310.1,0.0,0.0
ENSG00000164674.15,0.0,0.0
ENSG00000101236.16,0.0,0.0
ENSG00000232208.2,0.0,0.0
ENSG00000266705.1,0.0,0.0
ENSG00000276769.1,0.0,0.0
ENSG00000115318.11,0.0,0.0
ENSG00000207205.1,0.0,0.0
ENSG00000202150.1,0.0,0.0
ENSG00000222915.1,0.0,0.0
ENSG00000142920.16,0.0,0.0
ENSG00000174125.7,0.0,0.0
ENSG00000201813.1,0.0,0.0
ENSG00000264402.1,0.0,0.0
ENSG00000186049.8,0.0,0.0
ENSG00000197208.5,0.0,0.0
ENSG00000253651.1,0.0,0.0
ENSG00000066294.14,0.0,0.0
ENSG00000271932.1,0.0,0.0
ENSG00000173200.12,0.0,0.0
ENSG00000155367.15,0.0,0.0
ENSG00000157168.18,0.0,0.0
ENSG00000212316.1,0.0,0.0
ENSG00000221184.1,0.0,0.0
ENSG00000221680.1,0.0,0.0
ENSG00000070614.14,0.0,0.0
ENSG00000160789.19,0.0,0.0
ENSG00000122547.10,0.0,0.0
ENSG00000199695.1,0.0,0.0
ENSG00000256817.1,0.0,0.0
ENSG00000230202.1,0.0,0.0
ENSG00000221331.1,0.0,0.0
ENSG00000259379.1,0.0,0.0
ENSG00000275227.1,0.0,0.0
ENSG00000284158.1,0.0,0.0
ENSG00000162444.11,0.0,0.0
ENSG00000225434.2,0.0,0.0
ENSG00000252985.1,0.0,0.0
ENSG00000271798.1,0.0,0.0
ENSG00000145819.15,0.0,0.0
ENSG00000223519.7,0.0,0.0
ENSG00000005379.15,0.0,0.0
ENSG00000207185.1,0.0,0.0
ENSG00000200922.1,0.0,0.0
ENSG00000210135.1,0.0,0.0
ENSG00000226423.1,0.0,0.0
ENSG00000131669.9,0.0,0.0
ENSG00000026652.13,0.0,0.0
ENSG00000200403.1,0.0,0.0
ENSG00000200714.1,0.0,0.0
ERCC-00096,0.0,0.0
ENSG00000276003.1,0.0,0.0
ENSG00000130775.15,0.0,0.0
ENSG00000273160.1,0.0,0.0
ENSG00000258284.1,0.0,0.0
ENSG00000271819.1,0.0,0.0
ENSG00000252046.1,0.0,0.0
ENSG00000235957.1,0.0,0.0
ENSG00000238685.1,0.0,0.0
ENSG00000200301.1,0.0,0.0
ENSG00000259188.5,0.0,0.0
ENSG00000200090.1,0.0,0.0
ENSG00000254432.1,0.0,0.0
ENSG00000208013.3,0.0,0.0
ENSG00000275001.1,0.0,0.0
ENSG00000281133.1,0.0,0.0
ENSG00000171596.6,0.0,0.0
ENSG00000134072.10,0.0,0.0
ENSG00000253047.1,0.0,0.0
ENSG00000283433.1,0.0,0.0
ENSG00000100311.16,0.0,0.0
ENSG00000126262.4,0.0,0.0
ENSG00000230789.1,0.0,0.0
ENSG00000137726.16,0.0,0.0
ENSG00000278847.1,0.0,0.0
ENSG00000143185.3,0.0,0.0
ENSG00000284186.1,0.0,0.0
ENSG00000144290.16,0.0,0.0
ENSG00000229769.2,0.0,0.0
ENSG00000152582.13,0.0,0.0
ENSG00000228403.1,0.0,0.0
ENSG00000265733.1,0.0,0.0
ENSG00000210194.1,0.0,0.0
ENSG00000149970.14,0.0,0.0
ENSG00000144843.11,0.0,0.0
ENSG00000172725.13,0.0,0.0
ENSG00000199700.1,0.0,0.0
ENSG00000213189.5,0.0,0.0
ENSG00000233603.1,0.0,0.0
ENSG00000235301.1,0.0,0.0
ENSG00000170365.9,0.0,0.0
ENSG00000164849.9,0.0,0.0
ENSG00000200651.1,0.0,0.0
ENSG00000257017.8,0.0,0.0
ENSG00000173208.3,0.0,0.0
ENSG00000226118.1,0.0,0.0
ENSG00000197965.11,0.0,0.0
ENSG00000219222.1,0.0,0.0
ENSG00000266618.1,0.0,0.0
ENSG00000160408.14,0.0,0.0
ENSG00000002586.18,0.0,0.0
ENSG00000002586.18_PAR_Y,0.0,0.0
ENSG00000252473.1,0.0,0.0
ENSG00000252552.1,0.0,0.0
ENSG00000207171.1,0.0,0.0
ENSG00000118971.7,0.0,0.0
ENSG00000269378.1,0.0,0.0
ENSG00000229601.1,0.0,0.0
ENSG00000276830.1,0.0,0.0
ENSG00000211819.3,0.0,0.0
ENSG00000252377.1,0.0,0.0
ENSG00000197385.5,0.0,0.0
ENSG00000276479.1,0.0,0.0
ENSG00000249302.2,0.0,0.0
ENSG00000271100.1,0.0,0.0
ENSG00000208018.1,0.0,0.0
ENSG00000280333.1,0.0,0.0
ENSG00000206636.1,0.0,0.0
ENSG00000245534.6,0.0,0.0
ENSG00000207808.1,0.0,0.0
ENSG00000117394.20,0.0,0.0
ENSG00000275361.1,0.0,0.0
ENSG00000238832.1,0.0,0.0
ENSG00000281269.1,0.0,0.0
ENSG00000252060.1,0.0,0.0
ENSG00000256400.1,0.0,0.0
ENSG00000256069.7,0.0,0.0
ENSG00000265806.1,0.0,0.0
ENSG00000007516.13,0.0,0.0
ENSG00000266402.3,0.0,0.0
ENSG00000206911.1,0.0,0.0
ENSG00000144354.13,0.0,0.0
ENSG00000225297.1,0.0,0.0
ENSG00000238365.3,0.0,0.0
ENSG00000199072.3,0.0,0.0
ENSG00000277406.1,0.0,0.0
ENSG00000188659.9,0.0,0.0
ENSG00000211958.2,0.0,0.0
ENSG00000105520.10,0.0,0.0
ENSG00000279463.1,0.0,0.0
ENSG00000133134.11,0.0,0.0
ENSG00000184293.7,0.0,0.0
ENSG00000174292.12,0.0,0.0
ENSG00000152213.3,0.0,0.0
ENSG00000277411.1,0.0,0.0
ENSG00000147394.18,0.0,0.0
ENSG00000140563.14,0.0,0.0
ENSG00000212205.1,0.0,0.0
ENSG00000248429.5,0.0,0.0
ENSG00000263615.1,0.0,0.0
ENSG00000212332.1,0.0,0.0
ENSG00000231967.1,0.0,0.0
ENSG00000207008.1,0.0,0.0
ENSG00000239453.1,0.0,0.0
ENSG00000201863.1,0.0,0.0
ENSG00000184702.17,0.0,0.0
ENSG00000197520.10,0.0,0.0
ENSG00000207588.1,0.0,0.0
ENSG00000250831.1,0.0,0.0
ENSG00000253957.1,0.0,0.0
ENSG00000197705.9,0.0,0.0
ENSG00000239005.1,0.0,0.0
ENSG00000196502.11,0.0,0.0
ENSG00000270048.1,0.0,0.0
ENSG00000200737.1,0.0,0.0
ENSG00000199875.1,0.0,0.0
ENSG00000237082.1,0.0,0.0
ENSG00000113758.13,0.0,0.0
ENSG00000112782.15,0.0,0.0
ENSG00000167083.6,0.0,0.0
ENSG00000232032.1,0.0,0.0
ENSG00000212534.1,0.0,0.0
ENSG00000173369.15,0.0,0.0
ENSG00000207003.1,0.0,0.0
ENSG00000174501.14,0.0,0.0
ENSG00000238745.1,0.0,0.0
ENSG00000211731.1,0.0,0.0
ENSG00000252061.1,0.0,0.0
ENSG00000137486.16,0.0,0.0
ENSG00000143416.20,0.0,0.0
ENSG00000242114.5,0.0,0.0
ENSG00000171791.12,0.0,0.0
ENSG00000155659.14,0.0,0.0
ENSG00000228485.1,0.0,0.0
ENSG00000206846.1,0.0,0.0
ENSG00000280068.1,0.0,0.0
ENSG00000199348.1,0.0,0.0
ENSG00000268555.1,0.0,0.0
ENSG00000162144.9,0.0,0.0
ENSG00000143382.14,0.0,0.0
ENSG00000134709.10,0.0,0.0
ENSG00000073792.15,0.0,0.0
ENSG00000222445.1,0.0,0.0
ENSG00000124635.8,0.0,0.0
ENSG00000163687.13,0.0,0.0
ENSG00000206561.12,0.0,0.0
ENSG00000280280.1,0.0,0.0
ENSG00000260349.1,0.0,0.0
ENSG00000273096.1,0.0,0.0
ENSG00000252242.1,0.0,0.0
ENSG00000251996.1,0.0,0.0
ENSG00000240454.1,0.0,0.0
ENSG00000207523.1,0.0,0.0
ENSG00000147408.14,0.0,0.0
ENSG00000163106.10,0.0,0.0
ENSG00000110042.7,0.0,0.0
ENSG00000241721.1,0.0,0.0
ENSG00000221545.1,0.0,0.0
ENSG00000111424.10,0.0,0.0
ENSG00000202385.1,0.0,0.0
ENSG00000213400.3,0.0,0.0
ENSG00000059804.15,0.0,0.0
ENSG00000231292.6,0.0,0.0
ENSG00000169085.11,0.0,0.0
ENSG00000248323.5,0.0,0.0
ENSG00000248268.1,0.0,0.0
ENSG00000278135.1,0.0,0.0
ENSG00000201999.1,0.0,0.0
ENSG00000174080.10,0.0,0.0
ENSG00000199366.1,0.0,0.0
ENSG00000150347.14,0.0,0.0
ENSG00000132002.7,0.0,0.0
ENSG00000197471.11,0.0,0.0
ENSG00000252164.1,0.0,0.0
ENSG00000145246.13,0.0,0.0
ENSG00000234332.1,0.0,0.0
ENSG00000106069.21,0.0,0.0
ENSG00000199335.1,0.0,0.0
ENSG00000252311.1,0.0,0.0
ENSG00000223313.1,0.0,0.0
ENSG00000252498.1,0.0,0.0
ENSG00000129116.17,0.0,0.0
ENSG00000238711.1,0.0,0.0
ENSG00000201563.1,0.0,0.0
ENSG00000092964.17,0.0,0.0
ENSG00000282051.1,0.0,0.0
ENSG00000277610.1,0.0,0.0
ENSG00000243063.1,0.0,0.0
ENSG00000272666.1,0.0,0.0
ENSG00000236900.1,0.0,0.0
ENSG00000227678.7,0.0,0.0
ENSG00000105655.18,0.0,0.0
ENSG00000252993.1,0.0,0.0
ENSG00000154153.13,0.0,0.0
ENSG00000157404.15,0.0,0.0
ENSG00000265135.1,0.0,0.0
ENSG00000212461.1,0.0,0.0
ENSG00000280655.1,0.0,0.0
ENSG00000270356.1,0.0,0.0
ENSG00000218809.1,0.0,0.0
ENSG00000252222.1,0.0,0.0
ENSG00000284194.1,0.0,0.0
ENSG00000263669.2,0.0,0.0
ENSG00000062524.15,0.0,0.0
ENSG00000158856.17,0.0,0.0
ENSG00000099250.17,0.0,0.0
ENSG00000281072.1,0.0,0.0
ENSG00000199788.1,0.0,0.0
ENSG00000115977.18,0.0,0.0
ENSG00000226233.1,0.0,0.0
ENSG00000274051.1,0.0,0.0
ENSG00000258082.1,0.0,0.0
ENSG00000251720.1,0.0,0.0
ENSG00000067182.7,0.0,0.0
ENSG00000120896.13,0.0,0.0
ENSG00000207457.1,0.0,0.0
ENSG00000225118.1,0.0,0.0
ENSG00000161835.10,0.0,0.0
ENSG00000117318.8,0.0,0.0
ENSG00000221641.1,0.0,0.0
ENSG00000238160.1,0.0,0.0
ENSG00000128656.13,0.0,0.0
ENSG00000207088.1,0.0,0.0
ENSG00000116983.12,0.0,0.0
ENSG00000160293.16,0.0,0.0
ENSG00000252421.1,0.0,0.0
ENSG00000276124.1,0.0,0.0
ENSG00000182985.17,0.0,0.0
ENSG00000145247.11,0.0,0.0
ENSG00000252202.1,0.0,0.0
ENSG00000201388.1,0.0,0.0
ENSG00000246082.2,0.0,0.0
ENSG00000162174.12,0.0,0.0
ENSG00000207973.1,0.0,0.0
ENSG00000271347.1,0.0,0.0
ENSG00000199568.1,0.0,0.0
ENSG00000232024.2,0.0,0.0
ENSG00000207359.1,0.0,0.0
ENSG00000112303.13,0.0,0.0
ENSG00000250574.1,0.0,0.0
ENSG00000169994.18,0.0,0.0
ENSG00000234149.1,0.0,0.0
ENSG00000211798.3,0.0,0.0
ENSG00000271974.1,0.0,0.0
ENSG00000178199.13,0.0,0.0
ENSG00000227560.1,0.0,0.0
ENSG00000088179.8,0.0,0.0
ENSG00000235082.2,0.0,0.0
ENSG00000206985.1,0.0,0.0
ENSG00000125735.10,0.0,0.0
ENSG00000185527.11,0.0,0.0
ENSG00000105339.10,0.0,0.0
ENSG00000154814.13,0.0,0.0
ENSG00000249047.2,0.0,0.0
ENSG00000121310.16,0.0,0.0
ENSG00000196923.13,0.0,0.0
ENSG00000283545.1,0.0,0.0
ENSG00000253088.1,0.0,0.0
ENSG00000259079.1,0.0,0.0
ENSG00000202310.1,0.0,0.0
ENSG00000264607.1,0.0,0.0
ENSG00000170128.4,0.0,0.0
ENSG00000231682.1,0.0,0.0
ENSG00000069020.18,0.0,0.0
ENSG00000183696.13,0.0,0.0
ENSG00000267519.5,0.0,0.0
ENSG00000199961.1,0.0,0.0
ENSG00000200397.1,0.0,0.0
ENSG00000146070.16,0.0,0.0
ENSG00000201512.1,0.0,0.0
ENSG00000277066.1,0.0,0.0
ENSG00000088827.12,0.0,0.0
ENSG00000277035.1,0.0,0.0
ENSG00000199145.1,0.0,0.0
ENSG00000211665.2,0.0,0.0
ENSG00000277911.1,0.0,0.0
ENSG00000280135.1,0.0,0.0
ENSG00000103196.11,0.0,0.0
ENSG00000252019.1,0.0,0.0
ENSG00000221518.1,0.0,0.0
ENSG00000202222.1,0.0,0.0
ENSG00000229671.1,0.0,0.0
ENSG00000283773.1,0.0,0.0
ENSG00000147912.12,0.0,0.0
ENSG00000106992.17,0.0,0.0
ERCC-00003,0.0,0.0
ENSG00000250015.1,0.0,0.0
ENSG00000227470.1,0.0,0.0
ENSG00000255221.3,0.0,0.0
ENSG00000136960.12,0.0,0.0
ENSG00000198932.12,0.0,0.0
ENSG00000250090.1,0.0,0.0
ENSG00000118513.18,0.0,0.0
ENSG00000100376.11,0.0,0.0
ENSG00000265031.1,0.0,0.0
ENSG00000200257.1,0.0,0.0
ENSG00000250081.1,0.0,0.0
ENSG00000092068.19,0.0,0.0
ENSG00000150054.18,0.0,0.0
ENSG00000207021.1,0.0,0.0
ENSG00000153234.13,0.0,0.0
ENSG00000221230.1,0.0,0.0
ENSG00000207609.3,0.0,0.0
ENSG00000201113.1,0.0,0.0
ENSG00000275940.1,0.0,0.0
ENSG00000264371.1,0.0,0.0
ENSG00000241652.3,0.0,0.0
ENSG00000212175.1,0.0,0.0
ENSG00000199053.3,0.0,0.0
ENSG00000266188.1,0.0,0.0
ENSG00000235321.1,0.0,0.0
ENSG00000212309.1,0.0,0.0
ENSG00000227213.1,0.0,0.0
ENSG00000200291.1,0.0,0.0
ENSG00000227825.4,0.0,0.0
ENSG00000279491.1,0.0,0.0
ENSG00000229092.2,0.0,0.0
ENSG00000209645.1,0.0,0.0
ENSG00000123240.16,0.0,0.0
ENSG00000252206.1,0.0,0.0
ENSG00000140932.9,0.0,0.0
ENSG00000132386.10,0.0,0.0
ENSG00000210127.1,0.0,0.0
ENSG00000200924.1,0.0,0.0
ENSG00000253456.1,0.0,0.0
ENSG00000206731.1,0.0,0.0
ENSG00000212411.1,0.0,0.0
ENSG00000277846.1,0.0,0.0
ENSG00000065357.19,0.0,0.0
ENSG00000277358.1,0.0,0.0
ENSG00000252192.1,0.0,0.0
ENSG00000259109.1,0.0,0.0
ENSG00000206937.1,0.0,0.0
ENSG00000171611.9,0.0,0.0
ENSG00000184678.10,0.0,0.0
ENSG00000199436.1,0.0,0.0
ENSG00000204131.9,0.0,0.0
ENSG00000248477.6,0.0,0.0
ENSG00000275924.1,0.0,0.0
ENSG00000238719.1,0.0,0.0
ENSG00000267766.1,0.0,0.0
ENSG00000050165.17,0.0,0.0
ENSG00000108370.16,0.0,0.0
ENSG00000201492.1,0.0,0.0
ENSG00000181652.19,0.0,0.0
ENSG00000279741.1,0.0,0.0
ENSG00000200502.1,0.0,0.0
ENSG00000231752.5,0.0,0.0
ENSG00000101445.9,0.0,0.0
ENSG00000211491.2,0.0,0.0
ENSG00000206582.1,0.0,0.0
ENSG00000078399.17,0.0,0.0
ENSG00000151651.15,0.0,0.0
ENSG00000271052.1,0.0,0.0
ENSG00000206881.1,0.0,0.0
ENSG00000200742.1,0.0,0.0
ENSG00000148516.21,0.0,0.0
ENSG00000207086.1,0.0,0.0
ENSG00000274314.1,0.0,0.0
ENSG00000260378.1,0.0,0.0
ENSG00000251864.1,0.0,0.0
ENSG00000212283.1,0.0,0.0
ENSG00000254046.1,0.0,0.0
ENSG00000128271.21,0.0,0.0
ENSG00000262370.5,0.0,0.0
ENSG00000252633.1,0.0,0.0
ENSG00000280231.1,0.0,0.0
ENSG00000242330.3,0.0,0.0
ENSG00000090097.21,0.0,0.0
ENSG00000200972.1,0.0,0.0
ENSG00000204778.4,0.0,0.0
ENSG00000152672.7,0.0,0.0
ENSG00000164251.4,0.0,0.0
ENSG00000226964.1,0.0,0.0
ENSG00000171224.8,0.0,0.0
ENSG00000264559.1,0.0,0.0
ENSG00000234851.4,0.0,0.0
ENSG00000119408.16,0.0,0.0
ENSG00000148908.14,0.0,0.0
ENSG00000207654.4,0.0,0.0
ENSG00000184014.7,0.0,0.0
ENSG00000187118.12,0.0,0.0
ENSG00000278351.1,0.0,0.0
ENSG00000159733.13,0.0,0.0
ENSG00000235354.1,0.0,0.0
ENSG00000221493.1,0.0,0.0
ENSG00000105854.12,0.0,0.0
ENSG00000222041.10,0.0,0.0
ENSG00000125900.12,0.0,0.0
ENSG00000267645.5,0.0,0.0
ENSG00000138134.11,0.0,0.0
ENSG00000213759.9,0.0,0.0
ENSG00000139572.3,0.0,0.0
ENSG00000276216.1,0.0,0.0
ENSG00000222607.1,0.0,0.0
ENSG00000233133.1,0.0,0.0
ENSG00000166664.13,0.0,0.0
ENSG00000043462.11,0.0,0.0
ENSG00000233254.1,0.0,0.0
ENSG00000199824.1,0.0,0.0
ENSG00000266109.1,0.0,0.0
ENSG00000259997.2,0.0,0.0
ENSG00000143878.9,0.0,0.0
ENSG00000225523.2,0.0,0.0
ENSG00000167613.15,0.0,0.0
ENSG00000150093.18,0.0,0.0
ENSG00000182195.7,0.0,0.0
ENSG00000251050.1,0.0,0.0
ENSG00000279421.1,0.0,0.0
ENSG00000184305.14,0.0,0.0
ENSG00000116157.5,0.0,0.0
ENSG00000221669.1,0.0,0.0
ENSG00000110651.11,0.0,0.0
ENSG00000264763.1,0.0,0.0
ENSG00000250155.1,0.0,0.0
ENSG00000115295.19,0.0,0.0
ENSG00000207091.1,0.0,0.0
ENSG00000242256.3,0.0,0.0
ENSG00000253086.1,0.0,0.0
ENSG00000234523.1,0.0,0.0
ENSG00000280466.1,0.0,0.0
ENSG00000229054.1,0.0,0.0
ENSG00000174776.10,0.0,0.0
ENSG00000207370.1,0.0,0.0
ENSG00000222644.1,0.0,0.0
ENSG00000234493.3,0.0,0.0
ENSG00000271288.1,0.0,0.0
ENSG00000202354.1,0.0,0.0
ENSG00000123836.14,0.0,0.0
ENSG00000174791.10,0.0,0.0
ENSG00000207475.1,0.0,0.0
ENSG00000201264.1,0.0,0.0
ENSG00000256271.1,0.0,0.0
ENSG00000201134.1,0.0,0.0
ENSG00000207129.1,0.0,0.0
ENSG00000264357.1,0.0,0.0
ENSG00000251768.1,0.0,0.0
ENSG00000277370.1,0.0,0.0
ENSG00000139132.14,0.0,0.0
ENSG00000201435.1,0.0,0.0
ENSG00000248302.3,0.0,0.0
ENSG00000283197.1,0.0,0.0
ENSG00000156804.7,0.0,0.0
ENSG00000270822.1,0.0,0.0
ENSG00000215458.8,0.0,0.0
ENSG00000202260.1,0.0,0.0
ENSG00000231412.2,0.0,0.0
ENSG00000255864.5,0.0,0.0
ENSG00000145730.20,0.0,0.0
ENSG00000206838.1,0.0,0.0
ENSG00000184557.4,0.0,0.0
ENSG00000259121.2,0.0,0.0
ENSG00000240723.3,0.0,0.0
ENSG00000132334.16,0.0,0.0
ENSG00000199676.1,0.0,0.0
ENSG00000235579.1,0.0,0.0
ENSG00000248905.8,0.0,0.0
ENSG00000276867.1,0.0,0.0
ENSG00000279117.1,0.0,0.0
ENSG00000229169.1,0.0,0.0
ENSG00000254098.1,0.0,0.0
ENSG00000231062.1,0.0,0.0
ENSG00000168234.12,0.0,0.0
ENSG00000138835.22,0.0,0.0
ENSG00000101493.10,0.0,0.0
ENSG00000109458.8,0.0,0.0
ENSG00000206903.1,0.0,0.0
ENSG00000176049.15,0.0,0.0
ENSG00000162909.17,0.0,0.0
ENSG00000249835.2,0.0,0.0
ENSG00000242531.1,0.0,0.0
ENSG00000101057.15,0.0,0.0
ENSG00000106546.12,0.0,0.0
ENSG00000214894.6,0.0,0.0
ENSG00000232815.1,0.0,0.0
ENSG00000201151.1,0.0,0.0
ENSG00000163406.10,0.0,0.0
ENSG00000139679.15,0.0,0.0
ENSG00000252313.1,0.0,0.0
ENSG00000165028.11,0.0,0.0
ENSG00000270577.1,0.0,0.0
ENSG00000221375.1,0.0,0.0
ENSG00000184489.11,0.0,0.0
ENSG00000185022.11,0.0,0.0
ENSG00000110324.10,0.0,0.0
ENSG00000151376.16,0.0,0.0
ENSG00000230539.1,0.0,0.0
ENSG00000168060.15,0.0,0.0
ENSG00000109680.10,0.0,0.0
ENSG00000248785.1,0.0,0.0
ENSG00000259207.7,0.0,0.0
ENSG00000238304.1,0.0,0.0
ENSG00000256452.1,0.0,0.0
ENSG00000244116.3,0.0,0.0
ENSG00000222604.2,0.0,0.0
ENSG00000282572.2,0.0,0.0
ENSG00000202441.2,0.0,0.0
ENSG00000089127.12,0.0,0.0
ENSG00000269145.2,0.0,0.0
ENSG00000255422.1,0.0,0.0
ENSG00000254972.1,0.0,0.0
ENSG00000207223.1,0.0,0.0
ENSG00000070718.11,0.0,0.0
ENSG00000200953.1,0.0,0.0
ENSG00000222588.1,0.0,0.0
ENSG00000241679.2,0.0,0.0
ENSG00000221988.12,0.0,0.0
ENSG00000277948.1,0.0,0.0
ENSG00000128739.21,0.0,0.0
ENSG00000165905.17,0.0,0.0
ENSG00000253166.2,0.0,0.0
ENSG00000139174.11,0.0,0.0
ENSG00000186088.15,0.0,0.0
ENSG00000232021.6,0.0,0.0
ENSG00000089157.15,0.0,0.0
ENSG00000242861.1,0.0,0.0
ENSG00000222679.1,0.0,0.0
ENSG00000143891.16,0.0,0.0
ENSG00000198832.10,0.0,0.0
ENSG00000261102.2,0.0,0.0
ENSG00000114450.9,0.0,0.0
ENSG00000210196.2,0.0,0.0
ENSG00000171223.5,0.0,0.0
ENSG00000207870.1,0.0,0.0
ENSG00000284117.1,0.0,0.0
ENSG00000171916.16,0.0,0.0
ENSG00000256379.2,0.0,0.0
ENSG00000113520.10,0.0,0.0
ENSG00000240163.1,0.0,0.0
ENSG00000198951.11,0.0,0.0
ENSG00000242472.1,0.0,0.0
ENSG00000229628.1,0.0,0.0
ENSG00000207355.1,0.0,0.0
ENSG00000235328.1,0.0,0.0
ENSG00000213058.3,0.0,0.0
ENSG00000138670.17,0.0,0.0
ENSG00000133321.10,0.0,0.0
ENSG00000257764.2,0.0,0.0
ENSG00000153208.16,0.0,0.0
ENSG00000148288.11,0.0,0.0
ENSG00000189152.10,0.0,0.0
ENSG00000168672.3,0.0,0.0
ENSG00000265699.1,0.0,0.0
ENSG00000116016.13,0.0,0.0
ENSG00000277402.1,0.0,0.0
ENSG00000199785.1,0.0,0.0
ENSG00000272155.1,0.0,0.0
ENSG00000273272.1,0.0,0.0
ENSG00000228955.2,0.0,0.0
ENSG00000263849.1,0.0,0.0
ENSG00000259772.6,0.0,0.0
ENSG00000175505.10,0.0,0.0
ENSG00000151623.14,0.0,0.0
ENSG00000267637.1,0.0,0.0
ENSG00000241175.3,0.0,0.0
ENSG00000257335.8,0.0,0.0
ENSG00000283320.1,0.0,0.0
ENSG00000206728.1,0.0,0.0
ENSG00000241525.4,0.0,0.0
ENSG00000252657.1,0.0,0.0
ENSG00000184226.14,0.0,0.0
ENSG00000221340.1,0.0,0.0
ENSG00000281420.1,0.0,0.0
ENSG00000126264.9,0.0,0.0
ENSG00000202239.1,0.0,0.0
ENSG00000202347.1,0.0,0.0
ENSG00000091972.18,0.0,0.0
ENSG00000254856.1,0.0,0.0
ENSG00000213347.10,0.0,0.0
ENSG00000130598.15,0.0,0.0
ENSG00000100823.11,0.0,0.0
ENSG00000261279.5,0.0,0.0
ENSG00000276771.1,0.0,0.0
ENSG00000201044.1,0.0,0.0
ENSG00000115602.16,0.0,0.0
ENSG00000272558.1,0.0,0.0
ENSG00000201544.1,0.0,0.0
ENSG00000200917.1,0.0,0.0
ENSG00000200888.1,0.0,0.0
ENSG00000065809.13,0.0,0.0
ENSG00000207087.1,0.0,0.0
ENSG00000216937.13,0.0,0.0
ENSG00000227039.6,0.0,0.0
ENSG00000263394.1,0.0,0.0
ENSG00000264148.1,0.0,0.0
ENSG00000186350.9,0.0,0.0
ENSG00000198851.9,0.0,0.0
ENSG00000252800.1,0.0,0.0
ENSG00000113721.13,0.0,0.0
ENSG00000107736.19,0.0,0.0
ENSG00000265462.1,0.0,0.0
ENSG00000266758.1,0.0,0.0
ENSG00000252376.1,0.0,0.0
ENSG00000212536.1,0.0,0.0
ENSG00000211598.2,0.0,0.0
ENSG00000142347.16,0.0,0.0
ENSG00000238793.1,0.0,0.0
ENSG00000283527.1,0.0,0.0
ENSG00000134954.14,0.0,0.0
ENSG00000207153.1,0.0,0.0
ENSG00000116711.9,0.0,0.0
ENSG00000207452.1,0.0,0.0
ENSG00000277452.1,0.0,0.0
ENSG00000184574.9,0.0,0.0
ENSG00000172037.13,0.0,0.0
ENSG00000254060.1,0.0,0.0
ENSG00000264386.1,0.0,0.0
ENSG00000162591.15,0.0,0.0
ENSG00000241529.3,0.0,0.0
ENSG00000222937.1,0.0,0.0
ENSG00000231799.2,0.0,0.0
ENSG00000155962.12,0.0,0.0
ENSG00000073060.15,0.0,0.0
ENSG00000282420.1,0.0,0.0
ENSG00000275373.1,0.0,0.0
ENSG00000123219.12,0.0,0.0
ENSG00000259242.2,0.0,0.0
ENSG00000257386.1,0.0,0.0
ENSG00000254928.1,0.0,0.0
ENSG00000152217.16,0.0,0.0
ENSG00000278281.1,0.0,0.0
ENSG00000137193.13,0.0,0.0
ENSG00000263642.1,0.0,0.0
ENSG00000222383.1,0.0,0.0
ENSG00000090013.9,0.0,0.0
ENSG00000211937.3,0.0,0.0
ENSG00000235193.1,0.0,0.0
ENSG00000135069.13,0.0,0.0
ENSG00000238417.1,0.0,0.0
ENSG00000251807.1,0.0,0.0
ENSG00000207952.1,0.0,0.0
ENSG00000142634.12,0.0,0.0
ENSG00000244273.1,0.0,0.0
ENSG00000244720.1,0.0,0.0
ENSG00000211966.2,0.0,0.0
ENSG00000279562.1,0.0,0.0
ENSG00000223111.1,0.0,0.0
ENSG00000180549.7,0.0,0.0
ENSG00000253054.1,0.0,0.0
ENSG00000181444.12,0.0,0.0
ENSG00000106066.14,0.0,0.0
ENSG00000201564.1,0.0,0.0
ENSG00000259680.5,0.0,0.0
ENSG00000120217.13,0.0,0.0
ENSG00000038945.14,0.0,0.0
ENSG00000197183.14,0.0,0.0
ENSG00000225364.1,0.0,0.0
ENSG00000276573.1,0.0,0.0
ENSG00000253742.1,0.0,0.0
ENSG00000272337.1,0.0,0.0
ENSG00000187243.16,0.0,0.0
ENSG00000076554.15,0.0,0.0
ENSG00000212232.1,0.0,0.0
ENSG00000200560.1,0.0,0.0
ENSG00000142303.13,0.0,0.0
ENSG00000229590.3,0.0,0.0
ERCC-00043,0.0,0.0
ENSG00000267128.1,0.0,0.0
ENSG00000202538.1,0.0,0.0
ENSG00000271749.1,0.0,0.0
ENSG00000260635.1,0.0,0.0
ENSG00000224585.1,0.0,0.0
ENSG00000170006.11,0.0,0.0
ENSG00000221585.1,0.0,0.0
ENSG00000151692.14,0.0,0.0
ENSG00000112139.14,0.0,0.0
ENSG00000196542.8,0.0,0.0
ENSG00000223284.1,0.0,0.0
ENSG00000212391.1,0.0,0.0
ENSG00000224373.3,0.0,0.0
ENSG00000267143.1,0.0,0.0
ENSG00000279638.1,0.0,0.0
ENSG00000262655.3,0.0,0.0
ENSG00000145107.15,0.0,0.0
ENSG00000134824.13,0.0,0.0
ENSG00000166900.15,0.0,0.0
ENSG00000263648.1,0.0,0.0
ENSG00000137942.16,0.0,0.0
ENSG00000185614.4,0.0,0.0
ENSG00000005189.19,0.0,0.0
ENSG00000263370.1,0.0,0.0
ENSG00000124243.17,0.0,0.0
ENSG00000168785.7,0.0,0.0
ENSG00000250264.1,0.0,0.0
ENSG00000238246.1,0.0,0.0
ENSG00000122862.4,0.0,0.0
ENSG00000201747.1,0.0,0.0
ENSG00000252355.1,0.0,0.0
ENSG00000282989.1,0.0,0.0
ENSG00000276103.1,0.0,0.0
ENSG00000102575.10,0.0,0.0
ENSG00000154134.14,0.0,0.0
ENSG00000099282.9,0.0,0.0
ENSG00000145220.13,0.0,0.0
ENSG00000252707.1,0.0,0.0
ENSG00000005471.15,0.0,0.0
ENSG00000177606.6,0.0,0.0
ENSG00000128040.10,0.0,0.0
ENSG00000256826.1,0.0,0.0
ENSG00000200537.1,0.0,0.0
ENSG00000117632.22,0.0,0.0
ENSG00000250687.6,0.0,0.0
ENSG00000170190.15,0.0,0.0
ENSG00000166532.15,0.0,0.0
ENSG00000254682.1,0.0,0.0
ENSG00000233494.1,0.0,0.0
ENSG00000177685.16,0.0,0.0
ENSG00000162373.12,0.0,0.0
ENSG00000202231.1,0.0,0.0
ENSG00000188404.8,0.0,0.0
ENSG00000159840.15,0.0,0.0
ENSG00000252784.1,0.0,0.0
ENSG00000239862.1,0.0,0.0
ENSG00000138756.17,0.0,0.0
ENSG00000149485.18,0.0,0.0
ENSG00000253912.1,0.0,0.0
ENSG00000259490.2,0.0,0.0
ENSG00000199530.1,0.0,0.0
ENSG00000252474.1,0.0,0.0
ENSG00000242893.3,0.0,0.0
ENSG00000215630.6,0.0,0.0
ENSG00000236577.1,0.0,0.0
ENSG00000163629.12,0.0,0.0
ENSG00000264966.1,0.0,0.0
ENSG00000106484.14,0.0,0.0
ENSG00000047365.11,0.0,0.0
ENSG00000279074.1,0.0,0.0
ENSG00000167815.11,0.0,0.0
ENSG00000236031.1,0.0,0.0
ENSG00000206692.1,0.0,0.0
ENSG00000148019.12,0.0,0.0
ENSG00000106868.16,0.0,0.0
ENSG00000269444.1,0.0,0.0
ENSG00000211787.1,0.0,0.0
ENSG00000273153.1,0.0,0.0
ENSG00000198838.13,0.0,0.0
ENSG00000201900.1,0.0,0.0
ENSG00000223238.1,0.0,0.0
ENSG00000237953.1,0.0,0.0
ENSG00000259773.1,0.0,0.0
ENSG00000211594.2,0.0,0.0
ENSG00000083444.16,0.0,0.0
ENSG00000143653.9,0.0,0.0
ENSG00000233276.3,0.0,0.0
ENSG00000234518.2,0.0,0.0
ENSG00000255089.1,0.0,0.0
ENSG00000176788.8,0.0,0.0
ENSG00000185198.11,0.0,0.0
ENSG00000232218.1,0.0,0.0
ENSG00000199381.1,0.0,0.0
ENSG00000147454.13,0.0,0.0
ENSG00000149573.8,0.0,0.0
ENSG00000110987.8,0.0,0.0
ENSG00000271858.5,0.0,0.0
ENSG00000239129.1,0.0,0.0
ENSG00000198178.10,0.0,0.0
ENSG00000222869.1,0.0,0.0
ENSG00000258818.3,0.0,0.0
ENSG00000136295.14,0.0,0.0
ENSG00000272319.2,0.0,0.0
ENSG00000251792.1,0.0,0.0
ENSG00000206659.1,0.0,0.0
ENSG00000207484.1,0.0,0.0
ENSG00000273870.1,0.0,0.0
ENSG00000211596.3,0.0,0.0
ENSG00000206172.8,0.0,0.0
ENSG00000163220.10,0.0,0.0
ENSG00000211893.3,0.0,0.0
ENSG00000211959.2,0.0,0.0
ENSG00000169429.10,0.0,0.0
ENSG00000211675.2,0.0,0.0
ENSG00000239951.1,0.0,0.0
ENSG00000211943.2,0.0,0.0
ENSG00000270550.1,0.0,0.0
ENSG00000211947.2,0.0,0.0
ENSG00000282320.1,0.0,0.0
ENSG00000067048.16,0.0,0.0
ENSG00000211938.2,0.0,0.0
ENSG00000211904.2,0.0,0.0
ENSG00000242534.2,0.0,0.0
ENSG00000211825.1,0.0,0.0
ENSG00000211771.1,0.0,0.0
ENSG00000211751.9,0.0,0.0
ENSG00000101336.13,0.0,0.0
ENSG00000237111.1,0.0,0.0
ENSG00000241351.3,0.0,0.0
ENSG00000244437.1,0.0,0.0
ENSG00000163563.7,0.0,0.0
ENSG00000282133.1,0.0,0.0
ENSG00000160654.9,0.0,0.0
ENSG00000197629.5,0.0,0.0
ENSG00000211964.3,0.0,0.0
ENSG00000211890.3,0.0,0.0
ENSG00000010671.15,0.0,0.0
ENSG00000211955.2,0.0,0.0
ENSG00000143546.9,0.0,0.0
ENSG00000242887.1,0.0,0.0
