,ENSG00000134184,ENSG00000162627,ENSG00000158747
DZQV_CD8_naive,0.9713097895969622,-0.6581256451396765,0.8090538402510966
DZQV_CD8_CM,0.4730947922233507,1.400936709622152,1.2664030267926663
DZQV_CD8_EM,0.9853621826591707,0.1479537905501929,1.5848878773569404
DZQV_CD8_TE,0.6944212351336255,-0.6581256451396765,2.2126488748195596
DZQV_MAIT,0.6007237371835911,-0.6581256451396765,1.6622515765238464
DZQV_VD2+,0.8301845048376645,-0.6581256451396765,0.05406032628933743
DZQV_VD2-,0.6730413184413367,-0.6581256451396765,-0.6499743801684545
DZQV_TFH,0.9198750073446611,-0.6581256451396765,2.667730845896759
DZQV_Treg,0.5430333376815037,-0.13898727085145507,-0.27922782012127406
DZQV_Th1,0.6429082067802858,-0.6581256451396765,-0.6499743801684545
DZQV_Th1/Th17,0.8245344069675581,0.3213503620717324,1.5045026103231867
DZQV_Th17,0.893910765088786,-0.6581256451396765,3.4755362568581556
DZQV_Th2,0.6573691392022956,2.3033685212330726,2.1042495144782554
DZQV_CD4_naive,0.9375290988287872,-0.6581256451396765,2.4008669224807124
DZQV_Progenitor,1.1661440213704186,1.374329980954861,1.1978273247667162
DZQV_B_naive,0.5430651976178089,-0.41930585377587176,-0.6499743801684545
DZQV_B_NSM,0.6505915530972571,-0.349910229244088,-0.6499743801684545
DZQV_B_Ex,0.6128823243665307,-0.6581256451396765,-0.6499743801684545
DZQV_B_SM,0.8289432098007168,1.7817119507851336,-0.6499743801684545
DZQV_Plasmablasts,-0.025946650735224005,-0.6581256451396765,-0.6499743801684545
DZQV_C_mono,-0.08697759170282854,1.3398735624167326,-0.6499743801684545
DZQV_I_mono,0.33686122791243694,1.1358537668681707,-0.6499743801684545
DZQV_NC_mono,-0.30287661150889483,0.1945238877844296,-0.6499743801684545
DZQV_NK,0.6941108819290058,-0.6581256451396765,-0.6499743801684545
DZQV_pDC,0.7662936443712423,-0.00035253878428828195,-0.6499743801684545
DZQV_mDC,1.1555906937444964,3.001279636454174,-0.6499743801684545
DZQV_Neutrophils,-1.1090935395154218,-0.6581256451396765,-0.6499743801684545
DZQV_Basophils,-1.3189442936311233,-0.6581256451396765,-0.6499743801684545
925L_CD8_naive,0.5400371266103734,-0.6581256451396765,0.5464393472251915
925L_CD8_CM,0.7124439384945284,-0.6581256451396765,1.5459304154831048
925L_CD8_EM,1.0091203349179663,-0.6581256451396765,-0.6499743801684545
925L_CD8_TE,0.810125904662755,0.8482013118883964,-0.6499743801684545
925L_MAIT,0.773205059387571,-0.6581256451396765,-0.6499743801684545
925L_VD2+,0.6342496266465244,0.45964042485327367,-0.6499743801684545
925L_VD2-,0.4911384635016176,-0.6581256451396765,0.45985730508262174
925L_TFH,0.9359263674692383,-0.6581256451396765,-0.6499743801684545
925L_Treg,1.0775501150923483,-0.6581256451396765,-0.6499743801684545
925L_Th1,0.7448861792178457,-0.6581256451396765,0.33704881852904056
925L_Th1/Th17,0.2810549386623637,-0.6581256451396765,0.2587909561292264
925L_Th17,0.5662504159854814,1.3689518537982401,0.6421722801032701
925L_Th2,0.8260684420115888,1.2725041679236262,-0.6499743801684545
925L_CD4_naive,0.6828227605813585,-0.6581256451396765,-0.6499743801684545
925L_CD4_TE,0.6322699263177866,-0.6581256451396765,-0.510393250586368
925L_Progenitor,0.8381097081689469,1.2583752201644518,1.1303866566794085
925L_B_naive,0.20457033400752242,-0.6581256451396765,-0.6499743801684545
925L_B_NSM,0.8115797059477983,-0.6581256451396765,-0.6499743801684545
925L_B_Ex,0.6532923007766591,-0.6581256451396765,-0.4379566901723546
925L_B_SM,0.4484728136300186,-0.6581256451396765,-0.6499743801684545
925L_Plasmablasts,-0.03779363526118502,-0.6581256451396765,-0.6499743801684545
925L_C_mono,0.4694804602490098,-0.1391332685052128,-0.6499743801684545
925L_I_mono,-0.16692550891179028,-0.43836369710786854,-0.6499743801684545
925L_NC_mono,-0.14942647286841615,-0.06937955871507016,-0.6499743801684545
925L_NK,0.30977526319780513,-0.6581256451396765,-0.6499743801684545
925L_pDC,0.9759536407874776,-0.6581256451396765,-0.6499743801684545
925L_mDC,0.8351686699760735,-0.6581256451396765,-0.6499743801684545
925L_Neutrophils,-1.6788865831660207,-0.6581256451396765,-0.6499743801684545
925L_Basophils,-0.006771272192157884,-0.6581256451396765,-0.6499743801684545
9JD4_CD8_naive,0.9733244287099458,-0.6581256451396765,-0.6499743801684545
9JD4_CD8_CM,0.2792178053318786,1.151820258705619,0.7583846865038802
9JD4_CD8_EM,0.4457097719603747,0.43909886400850806,-0.18060954137458168
9JD4_CD8_TE,0.5741390861998708,0.9441884970931042,1.5103388394495634
9JD4_MAIT,0.6157532340085949,-0.5273292998614962,1.2448587967226787
9JD4_VD2+,0.4296308410562349,-0.09423338191147461,-0.6499743801684545
9JD4_VD2-,0.9023395664603473,0.5956643592298541,-0.6499743801684545
9JD4_TFH,1.053598692955628,0.10384405774713591,-0.23892187651298663
9JD4_Treg,0.8637950816210265,-0.6581256451396765,1.8273372487375428
9JD4_Th1,0.5684710562108235,0.8989639854805622,1.4451987307376937
9JD4_Th1/Th17,0.3653235137307339,0.8818103736242615,2.0001760956529973
9JD4_Th17,0.6506195804537784,0.441234348630501,2.9471584348600635
9JD4_Th2,0.7393808582613335,0.6921823137010693,2.552244667773019
9JD4_CD4_naive,0.784594008960017,-0.6581256451396765,0.013532680801477412
9JD4_CD4_TE,0.7961472304725937,-0.6581256451396765,1.2134452172734767
9JD4_Progenitor,1.0414430637983627,2.1449607473929353,2.2959298660698546
9JD4_B_naive,0.17353690706451275,3.171743844138675,-0.6499743801684545
9JD4_B_NSM,0.4227486825499572,1.867698576226603,-0.6499743801684545
9JD4_B_Ex,0.22103337622833008,2.242110461120121,-0.6499743801684545
9JD4_B_SM,-0.08500397820118616,2.9319006625068313,-0.6499743801684545
9JD4_Plasmablasts,-0.06979753656221706,0.23195540718835814,-0.6499743801684545
9JD4_C_mono,0.2540111331490694,1.8325664549233411,-0.6499743801684545
9JD4_I_mono,0.8255214099750242,1.3358666794486596,-0.6499743801684545
9JD4_NC_mono,-0.07755554813641141,2.247852920237971,-0.489058668009359
9JD4_NK,0.32825079805218754,1.1979347838120462,-0.6499743801684545
9JD4_pDC,0.9029857891037844,0.3537997518582536,-0.6499743801684545
9JD4_mDC,1.1727231847929276,3.3525700130950464,-0.5209344034048824
9JD4_Neutrophils,-1.7484145267979214,-0.6581256451396765,-0.6499743801684545
9JD4_Basophils,-0.7429762430576635,-0.6581256451396765,-0.6499743801684545
G4YW_CD8_naive,-1.6133081579946327,-0.6581256451396765,-0.6499743801684545
G4YW_CD8_CM,-1.2577694326766922,-0.6581256451396765,-0.2989624566600688
G4YW_CD8_EM,-1.0889898623776921,-0.6581256451396765,-0.6499743801684545
CYFZ_PBMC,0.9028433351805548,-0.6581256451396765,0.5405906001318695
FY2H_PBMC,-1.650366909396574,-0.6581256451396765,1.5524622041336742
FLWA_PBMC,0.5130928880788046,1.0126324772760777,-0.6499743801684545
453W_PBMC,1.2631958464750903,-0.6581256451396765,0.49685566822720395
684C_PBMC,-1.7484145267979214,-0.6581256451396765,-0.6499743801684545
CZJE_PBMC,1.2299798582159989,-0.6581256451396765,-0.6499743801684545
G4YW_CD8_TE,-1.7484145267979214,-0.6581256451396765,-0.6499743801684545
G4YW_MAIT,-1.5401513474393775,-0.6581256451396765,-0.6499743801684545
G4YW_VD2+,-1.7484145267979214,-0.6581256451396765,0.10275608179934127
G4YW_VD2-,-1.2813854106457323,-0.6581256451396765,-0.6499743801684545
G4YW_TFH,-1.5640537749539904,-0.6581256451396765,-0.6499743801684545
G4YW_Treg,-1.074563767193591,-0.6581256451396765,0.12394838749615571
G4YW_Th1,-1.7484145267979214,-0.6581256451396765,-0.08174838205457415
G4YW_Th1/Th17,-1.4621761740918422,-0.1895154854739585,0.8153383820557152
G4YW_Th17,-1.7484145267979214,-0.6581256451396765,-0.6499743801684545
G4YW_Th2,-1.578893926802344,-0.6581256451396765,-0.18376740944175252
G4YW_CD4_naive,-1.1794813611391886,-0.6581256451396765,-0.6499743801684545
G4YW_Progenitor,-1.7484145267979214,0.12887864036122687,1.6631689957226152
G4YW_B_naive,-1.6703753487276778,-0.6581256451396765,-0.6499743801684545
G4YW_B_NSM,-1.4220312746790025,-0.6581256451396765,-0.6499743801684545
G4YW_B_Ex,-1.6257900569465216,-0.6581256451396765,-0.6499743801684545
G4YW_B_SM,-1.3267438161509229,-0.6581256451396765,-0.6499743801684545
G4YW_Plasmablasts,-1.676982481138642,-0.6581256451396765,-0.6499743801684545
G4YW_C_mono,-1.341346960999805,-0.6581256451396765,-0.6499743801684545
G4YW_I_mono,-0.8150612334626006,-0.40449915509424245,-0.6499743801684545
G4YW_NC_mono,-1.2854795352309651,-0.5261715756412494,-0.6499743801684545
G4YW_NK,-1.127598615521338,-0.6581256451396765,-0.6499743801684545
G4YW_pDC,-1.3469801509537118,-0.6581256451396765,-0.6499743801684545
G4YW_mDC,-1.2593181736508006,-0.42556649197570473,-0.6499743801684545
G4YW_Neutrophils,-1.4870757933854666,-0.6581256451396765,-0.6499743801684545
G4YW_Basophils,-1.7484145267979214,-0.6581256451396765,-0.6499743801684545
DZQV_PBMC,0.5957306589183343,1.1778582413591479,1.027818239331756
925L_PBMC,0.5863696329004273,-0.02947843633141719,-0.6499743801684545
9JD4_PBMC,0.5954174393491537,1.1304061116137665,0.3851206396027679
G4YW_PBMC,-1.3776215100448546,-0.6581256451396765,-0.31489262106934157
4DUY_PBMC,-1.5858352661375401,0.4188747151817743,0.14848908285388615
36TS_PBMC,-1.4218215666316072,-0.6581256451396765,0.7320840435440215
CR3L_PBMC,1.1712320555012263,-0.6581256451396765,0.37669488632284376
