,total_expr,mean_expr,median_expr,std_expr,n_expressed
DZQV_CD8_naive,-0.41313574368885986,-0.4131357436888585,-0.4399293003808179,0.3841835002320759,-1.3205578974299763
DZQV_CD8_CM,0.1596893756785323,0.1596893756785329,-0.02929412954460771,0.4653004576268181,-0.6322309818805926
DZQV_CD8_EM,0.4305011687828429,0.4305011687828438,0.40246040599448574,0.7575096030141666,-0.2536511783284315
DZQV_CD8_TE,-0.013422410115840519,-0.013422410115839022,0.0919292774572018,0.4721777512396545,-0.4257329072157774
DZQV_MAIT,0.19847023785339582,0.19847023785339657,0.44266703555722614,0.7204944772461841,-0.9763944396552845
DZQV_VD2+,-0.11846234954374854,-0.11846234954374774,-0.020460001063226593,0.7229013648773301,-1.1828925143200997
DZQV_VD2-,0.43427752536979375,0.43427752536979486,0.473322056577005,0.8545102874079035,-0.6322309818805926
DZQV_TFH,-0.19788984952104535,-0.19788984952104402,-0.229464297179512,0.6556359397131832,-1.4238069347623838
DZQV_Treg,0.6527527799130309,0.6527527799130318,0.638724341920803,0.19139587795782742,0.8132555407731135
DZQV_Th1,0.20752595454081893,0.20752595454081962,0.12895659857441663,-0.05615864333433811,-0.2536511783284315
DZQV_Th1/Th17,0.15296589154258636,0.15296589154258702,0.10158573373747613,0.5364269169442214,-0.5978146361031234
DZQV_Th17,0.3445563320579017,0.3445563320579016,0.4512327967054127,0.38813115392270003,-0.39131656143830823
DZQV_Th2,0.2964438620585992,0.29644386205860046,0.35389466764706323,0.48366867334574115,0.22817766255613722
DZQV_CD4_naive,-0.1235315562629232,-0.12353155626292199,-0.05581340422904634,0.07881117921751649,-0.2536511783284315
DZQV_Progenitor,1.1598664609411868,1.1598664609411866,1.0820041481901785,-0.789711676383816,0.8476718865505827
DZQV_B_naive,-0.20710410572345486,-0.20710410572345467,-0.23745310277370188,-0.2763412175504563,0.12492862522372965
DZQV_B_NSM,0.012761796178383166,0.012761796178384367,-0.02213320223996162,-0.473531851392536,0.40025939144348316
DZQV_B_Ex,0.1679120408275315,0.16791204082753172,0.1442710297443653,-0.8241776828828163,-0.1504021409960239
DZQV_B_SM,-0.16713121295044875,-0.1671312129504478,-0.091867981383133,-0.8701726646535751,0.3314266998885448
DZQV_Plasmablasts,-3.920410847456441,-3.9204108474564396,-3.108222546319876,-3.234205600464226,-0.7354800192130001
DZQV_C_mono,-0.6757781227841638,-0.6757781227841634,-0.8220008820251866,1.1040588848214936,-1.2173088600975688
DZQV_I_mono,-0.1991624356048977,-0.1991624356048966,-0.3931782342875585,1.0456693572421534,-0.7010636734355309
DZQV_NC_mono,-0.23273241010675233,-0.23273241010675164,-0.4177694495946681,1.1505989204537088,-0.5289819445481849
DZQV_NK,0.6820920616257126,0.6820920616257136,0.5462051387842681,0.9552406039832144,-0.5289819445481849
DZQV_pDC,-0.8295218619505971,-0.8295218619505967,-0.8451968051523153,1.1302238688351762,-1.5614723178722607
DZQV_mDC,-0.25789010287936676,-0.25789010287936553,-0.36657381973053127,0.38463125651985924,0.46909208299842153
DZQV_Neutrophils,-2.8828295061689757,-2.8828295061689744,-3.7292716596850766,2.098659491689195,-2.9381261489710284
DZQV_Basophils,-0.102447589280858,-0.10244758928085736,-0.44074771242064625,0.7601449522909163,-0.6666473276580618
925L_CD8_naive,0.4365183130742403,0.43651831307424116,0.3747858040173024,0.08311288059507758,-0.9419780938778153
925L_CD8_CM,0.3333417684408901,0.33334176844089025,0.45633120642552266,0.14163997331792008,-0.4257329072157774
925L_CD8_EM,0.5807419743152935,0.5807419743152938,0.6676518888564241,0.6799636671601824,-1.1140598227651612
925L_CD8_TE,0.26868171826142334,0.2686817182614244,0.484691948203776,0.7166715365862001,-0.7354800192130001
925L_MAIT,0.018619809251465638,0.01861980925146646,0.09749495633483637,0.36791986988052455,-0.7354800192130001
925L_VD2+,0.2657507233263079,0.26575072332630795,0.40102609545404794,0.3285273460290289,-0.5289819445481849
925L_VD2-,0.6481659240733993,0.6481659240734,0.9052293341566158,0.5483324284079846,-0.7354800192130001
925L_TFH,-0.07962849852208354,-0.07962849852208352,0.006674572519490328,0.4846546763260899,-0.5978146361031234
925L_Treg,0.4038440337065433,0.4038440337065441,0.43715528630731515,0.4768971350913514,-0.4601492529932466
925L_Th1,0.5597572510385928,0.5597572510385936,0.5629898495794254,0.11349493757086432,-0.0815694494410855
925L_Th1/Th17,0.6504667337604421,0.6504667337604425,0.6753949428136501,0.34908764322982855,-0.5289819445481849
925L_Th17,0.5940761452262354,0.5940761452262354,0.5619047814190262,0.6789159132957869,-0.5633982903256541
925L_Th2,-0.42653775628953144,-0.4265377562895303,-0.250495202904955,-0.013468562504131077,-0.39131656143830823
925L_CD4_naive,-0.04880081751010243,-0.04880081751010089,0.023355633373219952,-0.2485500888683259,-0.5978146361031234
925L_CD4_TE,0.5219827779462235,0.5219827779462248,0.9350868087865174,0.9324474764199457,-1.2173088600975688
925L_Progenitor,1.7686441674105413,1.7686441674105424,1.7271269396668065,-1.4672784176134048,1.295084381657682
925L_B_naive,-0.060698197492626046,-0.06069819749262551,0.1971408548636888,-0.7168684272285106,0.22817766255613722
925L_B_NSM,-0.30539576664218665,-0.3053957666421852,-0.293772374680006,-0.5285372618096685,-0.32248386988336986
925L_B_Ex,-0.804277365554154,-0.8042773655541522,-0.6642525228661553,-0.8060503193879331,-0.2536511783284315
925L_B_SM,-0.035856741438047984,-0.035856741438046826,-0.012078224249791492,-0.5102526044304149,-0.1504021409960239
925L_Plasmablasts,-4.4674038495251525,-4.467403849525151,-3.795598797609037,-3.854031686616564,-0.9419780938778153
925L_C_mono,-0.5835175618576877,-0.5835175618576863,-0.5756664552241749,0.5238087924196955,-0.2536511783284315
925L_I_mono,-0.1960089054149619,-0.19600890541496127,-0.30490766999765645,0.11966180246744666,0.365843045666014
925L_NC_mono,-0.04762457559259489,-0.04762457559259367,-0.014540141546708572,0.5247674234323736,0.6411738118857675
925L_NK,1.2549484322269695,1.2549484322269702,1.2738777499584024,0.1244036162943418,0.5035084287758907
925L_pDC,-0.32271172977656787,-0.32271172977656687,-0.20043195227030056,0.7022377745521347,-0.8387290565454077
925L_mDC,-0.11576057415413675,-0.11576057415413513,-0.03189744997659396,0.020759141516792867,0.2625940083336064
925L_Neutrophils,-2.7262091412021854,-2.7262091412021836,-3.5384886614113595,2.4190901167188863,-3.419954989855597
925L_Basophils,-0.29163932333701237,-0.29163932333701204,-0.32612150472893603,0.8776609528682617,-1.2517252058750379
9JD4_CD8_naive,-0.10324622818335877,-0.10324622818335781,0.10084944545212002,0.03174855168805593,-0.8387290565454077
9JD4_CD8_CM,0.7689274563727196,0.7689274563727202,0.889995753724331,0.20103681610236065,0.12492862522372965
9JD4_CD8_EM,1.00148657210378,1.0014865721037802,0.9795947448827399,0.7379073181756676,0.021679587891322072
9JD4_CD8_TE,0.7328838297503855,0.7328838297503864,1.043181366890796,0.9581419125578238,-0.6322309818805926
9JD4_MAIT,0.26252155249518244,0.26252155249518394,0.48968113878579567,0.36893903639848574,-0.5978146361031234
9JD4_VD2+,0.5932202319775836,0.5932202319775839,0.8821023231607553,0.7705623968559075,-0.39131656143830823
9JD4_VD2-,0.5097378321877883,0.5097378321877891,0.6085881473461112,0.726785429035641,-0.1504021409960239
9JD4_TFH,0.3572114778734048,0.3572114778734061,0.40018892093977815,-0.0025148636720698963,-0.11598579521855469
9JD4_Treg,0.7772902122769395,0.77729021227694,0.9422244501611869,0.019595453198060657,0.021679587891322072
9JD4_Th1,0.7241612961143423,0.7241612961143423,0.7793880087013979,-0.09231795119530338,0.6755901576632367
9JD4_Th1/Th17,0.7304463663950287,0.73044636639503,0.8222640692347364,-0.2551570446592112,0.744422849218175
9JD4_Th17,0.9531329658820581,0.9531329658820583,0.7973604000646017,-0.047876212558558166,0.5723411203308291
9JD4_Th2,0.6748018486773812,0.6748018486773825,0.653490479311485,0.05878219858371611,0.15934497100119882
9JD4_CD4_naive,0.23552728754239408,0.23552728754239477,0.40346608946546814,0.41678232634294765,-0.6322309818805926
9JD4_CD4_TE,0.31113075601209406,0.31113075601209433,0.40874713278341557,0.3838531203465811,-0.5289819445481849
9JD4_Progenitor,1.439830461848326,1.4398304618483264,1.4065496516193523,-1.1391622078191828,1.4327497647675589
9JD4_B_naive,0.04368372041167592,0.043683720411676286,0.21559309447922534,-0.8027778550965792,0.6411738118857675
9JD4_B_NSM,0.12732344472937354,0.12732344472937493,0.25193404412850695,-0.6483679971901698,0.12492862522372965
9JD4_B_Ex,0.06229931950495205,0.06229931950495221,0.3057206981364054,-1.1641463323350627,0.6411738118857675
9JD4_B_SM,0.24713284694576043,0.24713284694576054,0.400616798048622,-1.0430579041211998,0.7100065034407059
9JD4_Plasmablasts,-3.844323263045561,-3.8443232630455593,-3.1783407806687807,-3.520961456873719,-0.4257329072157774
9JD4_C_mono,-0.09461679329820186,-0.09461679329820177,-0.2508368898006359,0.6293448072771323,0.2625940083336064
9JD4_I_mono,-0.1831412623893264,-0.18314126238932552,-0.11945517831128905,0.766169285579325,-0.49456559877071576
9JD4_NC_mono,0.01556054159864664,0.015560541598646735,-0.08992359113502718,0.9003534661410854,-0.11598579521855469
9JD4_NK,0.8873058199329696,0.8873058199329702,0.996418252441611,0.5522775127282823,0.5723411203308291
9JD4_pDC,-0.08451903812186576,-0.08451903812186466,-0.08441658384753374,0.8421066655739675,-0.6666473276580618
9JD4_mDC,0.3920833798791529,0.3920833798791529,0.43276300047165706,0.29880989574289474,0.8476718865505827
9JD4_Neutrophils,-2.2874446621287965,-2.287444662128796,-3.3385263152467277,2.253594116481405,-2.2153828876441755
9JD4_Basophils,-0.09173564858758847,-0.09173564858758754,-0.29690461692807585,0.5188670000622883,-0.5633982903256541
G4YW_CD8_naive,-0.20103343466133247,-0.20103343466133128,-0.01824211424057788,0.004407186029582325,-0.4601492529932466
G4YW_CD8_CM,0.182906239016952,0.1829062390169523,0.2755525036167854,-0.007652060642314268,0.12492862522372965
G4YW_CD8_EM,0.5799995181367815,0.5799995181367819,0.47434252762987617,0.5915299548678852,-0.8731454023228769
CYFZ_PBMC,0.5033866341438714,0.5033866341438715,0.35833426887778386,-0.7820855764375413,1.8457459140971892
FY2H_PBMC,0.3438365351827479,0.34383653518274926,0.18683585726499466,-0.012716716714532462,1.123002652770336
FLWA_PBMC,0.804488023766863,0.8044880237668628,0.48335974350665195,-0.530222322609276,1.7080805309873124
453W_PBMC,0.9124410200039749,0.9124410200039746,0.6802790696466243,-0.30211451422190333,1.5704151478774357
684C_PBMC,0.8362107883334885,0.8362107883334894,0.4496972196293842,-0.6794991287708351,1.639247839432374
CZJE_PBMC,0.45778690166813635,0.45778690166813757,0.215145046488686,-0.465984402891967,1.81132956831972
G4YW_CD8_TE,0.10632799837532801,0.10632799837532858,0.22785678442606971,0.42764479227087615,0.021679587891322072
G4YW_MAIT,-0.0774774465422159,-0.07747744654221446,0.21884642699855847,-0.36556179922051935,-0.04715310366361631
G4YW_VD2+,-0.0563271584844748,-0.056327158484474824,0.15925178999955303,-0.32499571016769935,0.05609593366879126
G4YW_VD2-,0.2751746454402489,0.2751746454402488,0.4495155029687661,-0.04185402098500935,0.29701035411107557
G4YW_TFH,0.12178573601539543,0.12178573601539679,0.13971352700474607,-0.4476025666148697,0.2625940083336064
G4YW_Treg,0.1886852106349711,0.1886852106349725,0.1489750153866303,-0.5270870017715973,0.40025939144348316
G4YW_Th1,-0.08845452810924563,-0.08845452810924509,-0.10616721062894806,-0.4362241617127565,0.5035084287758907
G4YW_Th1/Th17,-0.03320709927824828,-0.03320709927824682,-0.189449776994991,0.12155203494659036,0.2625940083336064
G4YW_Th17,0.357946476983757,0.3579464769837574,0.25640434973612036,-0.007163138548056014,0.365843045666014
G4YW_Th2,0.12579817121495224,0.12579817121495288,0.3165770655074686,-0.17026356987064734,0.6755901576632367
G4YW_CD4_naive,-0.20340148578119657,-0.2034014857811964,-0.06335966939177094,-0.21617563362351275,-0.5633982903256541
G4YW_Progenitor,1.5757213484693575,1.5757213484693586,1.3031486249593212,-2.0810364957913787,2.2587420634268196
G4YW_B_naive,-0.12639241110472,-0.12639241110471874,-0.1653153116251672,-1.2673721623758494,0.8820882323280519
G4YW_B_NSM,-0.022267218592886485,-0.022267218592885413,-0.07275582931549496,-0.7389835223628153,1.0197536154379285
G4YW_B_Ex,-0.6312566115438683,-0.6312566115438666,-0.6231814084085454,-1.3105050124096167,0.8132555407731135
G4YW_B_SM,-0.2750731008468031,-0.2750731008468024,-0.35865451125726455,-0.6430917526469252,0.22817766255613722
G4YW_Plasmablasts,-4.283432668520466,-4.283432668520464,-3.6476023905834194,-3.816689755278523,0.12492862522372965
G4YW_C_mono,-0.10542339463442524,-0.10542339463442377,-0.31310674895631235,0.8693749016472953,0.2625940083336064
G4YW_I_mono,-0.133904142916664,-0.13390414291666314,-0.18525149560140633,0.41277263697504274,0.7100065034407059
G4YW_NC_mono,-0.004397103428295457,-0.00439710342829479,-0.03825228818366751,1.0288691268968593,0.40025939144348316
G4YW_NK,0.7536965153414064,0.7536965153414065,0.6703739529526762,0.3743957349484716,0.8132555407731135
G4YW_pDC,-0.2708668265127592,-0.2708668265127582,-0.2146639248413998,0.6913805677671779,-0.8043127107679385
G4YW_mDC,0.017129916891800462,0.017129916891800503,0.15264436249661273,0.48230341859453923,0.744422849218175
G4YW_Neutrophils,-2.321724805730279,-2.3217248057302773,-2.991516362713938,1.9901918797491278,-2.525129999641398
G4YW_Basophils,-0.24237527219617874,-0.2423752721961779,-0.45054716729342575,0.4832505508968982,-0.7010636734355309
DZQV_PBMC,0.28277761471983953,0.2827776147198408,0.08981982237972619,-1.0539000982499789,2.0522439887620045
925L_PBMC,0.7790308990005763,0.7790308990005775,0.5133137841639005,-1.4090561068458398,2.327574754981758
9JD4_PBMC,0.5980423776985854,0.5980423776985858,0.4290125488163882,-1.1479149777917266,1.8801622598746583
G4YW_PBMC,0.5852316655101119,0.585231665510113,0.336883654328196,-0.9828516781921018,2.0522439887620045
4DUY_PBMC,0.6042259843550748,0.6042259843550748,0.4791970527600529,-0.8755595937624774,1.81132956831972
36TS_PBMC,-0.039315061016391956,-0.039315061016390804,-0.2499015593901235,-0.7526293191477377,2.0522439887620045
CR3L_PBMC,0.6131928731574481,0.6131928731574494,0.43302881543851385,-0.6852903869241709,1.639247839432374
